CUSTOMER_ID,First_Name,Last_Name,City,Phone_Number,Occupation,DOB,AGE,AGE_GROUP,FULL_NAME
C00001,Timothy,Nelson,Davidville,1592081539,Magician,1915-09-03,109,65+,Timothy Nelson
C00002,Courtney,Farley,Port Charlesberg,9356145501,Scientist,1922-05-11,102,65+,Courtney Farley
C00003,Sheena,Solis,New John,4311466522,Businessman,1933-10-27,91,65+,Sheena Solis
C00004,Amy,Martinez,Joneston,6112876134,Mechanic,1981-07-29,43,35-50,Amy Martinez
C00005,Emily,Olson,South Christine,8756770692,Repairman,1999-03-01,25,Below 25,Emily Olson
C00006,Benjamin,Johnson,West Evanmouth,1402377116,Businessman,1942-04-21,82,65+,Benjamin Johnson
C00007,Craig,Elliott,Sanchezshire,6202263306,Construction worker,1963-04-27,61,50-65,Craig Elliott
C00008,Rebecca,Keller,South Christian,1063299332,Carpenter,1961-12-15,63,50-65,Rebecca Keller
C00009,Brianna,Holt,Caseytown,9923202932,Priest,1951-12-23,73,65+,Brianna Holt
C00010,Jeremy,Le,Lake Justinmouth,5032107777,Paramedic,1961-12-31,63,50-65,Jeremy Le
C00011,Shannon,Rose,Youngview,5611248497,Professor,1923-04-16,101,65+,Shannon Rose
C00012,Matthew,Guerrero,West Kristen,142570667,Train conductor,1976-09-12,48,35-50,Matthew Guerrero
C00013,Michael,Clark,East Maxwell,582686100,Architect,1960-11-07,64,50-65,Michael Clark
C00014,Bobby,Jones,Manningfort,6257977143,Construction worker,1926-08-02,98,65+,Bobby Jones
C00015,Wayne,Daugherty,North Morgan,1742353832,Police officer,1961-07-01,63,50-65,Wayne Daugherty
C00016,Sharon,Gutierrez,South Joanneland,3990712774,Repairman,1994-05-10,30,25-35,Sharon Gutierrez
C00017,Jennifer,Vasquez,South Erin,5394311250,Painter,1983-06-02,41,35-50,Jennifer Vasquez
C00018,Howard,Lopez,East Renee,7738800649,Photographer,1939-04-01,85,65+,Howard Lopez
C00019,David,Olsen,Fordport,9096111363,Housewife,1943-12-29,81,65+,David Olsen
C00020,Colin,Andrews,Nguyenborough,513207155,Paramedic,1935-07-19,89,65+,Colin Andrews
C00021,Michael,Barnett,Davisport,2663819972,Pilot,1985-04-14,39,35-50,Michael Barnett
C00022,Bonnie,Reynolds,Espinozahaven,3118043227,Soldier,2003-06-25,21,Below 25,Bonnie Reynolds
C00023,Holly,Moon,Kevinview,8972492544,Geisha,1964-12-14,60,50-65,Holly Moon
C00024,Bobby,Woods,Austinville,7328375552,Cameraman,1996-06-23,28,25-35,Bobby Woods
C00025,Terri,Rogers,West Susan,993141816,Professor,1941-10-22,83,65+,Terri Rogers
C00026,Ian,Smith,North Michael,2338754333,Soldier,1930-05-05,94,65+,Ian Smith
C00027,Sharon,Hart,South Jacquelineburgh,3187905398,Housewife,1973-02-21,51,50-65,Sharon Hart
C00028,Cynthia,Hobbs,Theodoreville,8022006537,Doorman,1944-04-10,80,65+,Cynthia Hobbs
C00029,Laurie,Bonilla,Whitneychester,3168277850,Diver,1921-10-11,103,65+,Laurie Bonilla
C00030,Ryan,Caldwell,New David,9361303269,Journalist,1995-07-17,29,25-35,Ryan Caldwell
C00031,Robert,Reed,North Kelly,9938164073,Boxer,1998-07-01,26,25-35,Robert Reed
C00032,Brandon,Austin,Gregoryhaven,7090917820,Geisha,1957-08-09,67,65+,Brandon Austin
C00033,Allison,Knight,Travisborough,5118215456,Professor,1970-06-02,54,50-65,Allison Knight
C00034,Gwendolyn,Martin,Morrisonmouth,6420667673,Geisha,1978-03-01,46,35-50,Gwendolyn Martin
C00035,Carol,Wolf,Mclaughlinview,596484418,Builder,1978-01-09,46,35-50,Carol Wolf
C00036,Lisa,Spencer,Debraberg,3813174398,Reporter,1919-04-19,105,65+,Lisa Spencer
C00037,Tammy,Estrada,Abigailfort,7701386275,Journalist,1939-03-14,85,65+,Tammy Estrada
C00038,Jessica,Martinez,West Anthony,1939995251,Surgeon,1982-11-07,42,35-50,Jessica Martinez
C00039,Katherine,Melendez,Port David,5118847617,Priest,1948-09-02,76,65+,Katherine Melendez
C00040,Jason,Webster,Lake Regina,1622923559,Mechanic,1992-12-18,32,25-35,Jason Webster
C00041,Beth,Miller,New Laura,8183956428,Geisha,2002-08-21,22,Below 25,Beth Miller
C00042,Michael,Morgan,East Johntown,6727744668,Engineer,2003-06-19,21,Below 25,Michael Morgan
C00043,Justin,Anderson,South Johnathanstad,8609339016,Scientist,1975-03-04,49,35-50,Justin Anderson
C00044,Nicole,Wood,West Amyfort,2060061072,Singer,1930-12-24,94,65+,Nicole Wood
C00045,Benjamin,Jones,West Benjamin,2781002995,Pirate,1927-08-22,97,65+,Benjamin Jones
C00046,Daniel,Fox,West Adam,2606968604,Priest,1933-11-19,91,65+,Daniel Fox
C00047,Jeremiah,Johnson,New Heather,5663595216,Gardener,2002-01-14,22,Below 25,Jeremiah Johnson
C00048,Timothy,Brock,Lake Robertland,2147279715,Repairman,1998-05-25,26,25-35,Timothy Brock
C00049,Jillian,Thornton,Frankfurt,7951077572,Police officer,1919-09-08,105,65+,Jillian Thornton
C00050,Joshua,Soto,East Bruce,481719479,American football player,1984-04-02,40,35-50,Joshua Soto
C00051,Eric,Jones,Port Phyllisland,2023342359,American football player,1976-10-02,48,35-50,Eric Jones
C00052,Emily,Holland,Taylorville,3710651540,Doorman,1977-09-03,47,35-50,Emily Holland
C00053,Jasmine,Mcintosh,Odonnellborough,2867928368,Housekeeper,1996-11-19,28,25-35,Jasmine Mcintosh
C00054,Gina,Kim,Port Michelle,9566470744,Clown,1973-08-18,51,50-65,Gina Kim
C00055,Evan,Perez,Johnsfort,7716726253,Nurse,1987-01-17,37,35-50,Evan Perez
C00056,Daniel,Joseph,Melvinport,3014640268,Train conductor,1992-05-28,32,25-35,Daniel Joseph
C00057,Megan,Carter,East Stephen,4377380822,Electrician,1912-09-18,112,65+,Megan Carter
C00058,Christina,Richmond,Lake Lancechester,4041813266,Businessman,2001-05-22,23,Below 25,Christina Richmond
C00059,Charles,Thomas,South Johnstad,3569152840,Salesman,1915-03-04,109,65+,Charles Thomas
C00060,Patrick,Medina,West Michelleside,9447760561,Lifeguard,1920-01-04,104,65+,Patrick Medina
C00061,Stephanie,Hall,Lake Christinefort,6240043672,Painter,1939-06-29,85,65+,Stephanie Hall
C00062,Kelly,Hudson,Jeffreyfurt,3066367311,Carpenter,1958-08-08,66,65+,Kelly Hudson
C00063,Glenn,Munoz,East Jeremy,3939321758,Engineer,1944-03-20,80,65+,Glenn Munoz
C00064,Monica,Bauer,New Andrewport,9689132773,Engineer,2000-11-12,24,Below 25,Monica Bauer
C00065,Mark,Frank,Randyton,6420765259,Businessman,1917-01-15,107,65+,Mark Frank
C00066,Jeffery,Duke,Palmerhaven,9955118751,Police officer,1981-05-01,43,35-50,Jeffery Duke
C00067,Dana,Pitts,Kennethtown,4578763693,Housewife,1974-02-05,50,35-50,Dana Pitts
C00068,Dennis,Anderson,Port Rachel,7605534273,Doctor,1982-10-08,42,35-50,Dennis Anderson
C00069,Matthew,Henderson,New Aaronchester,6800951079,Forest ranger,1942-11-03,82,65+,Matthew Henderson
C00070,Brandon,Rogers,Ponceland,3989065746,Magician,1964-04-22,60,50-65,Brandon Rogers
C00071,Robert,Green,Powellstad,5632964923,Housewife,1920-04-18,104,65+,Robert Green
C00072,Louis,Villarreal,Kaitlynchester,553937739,Nurse,1972-01-16,52,50-65,Louis Villarreal
C00073,Stacy,Roth,Jacobville,7886666795,Librarian,1949-09-23,75,65+,Stacy Roth
C00074,Brittney,Hull,Port Deannafort,5277226024,Train conductor,1993-11-05,31,25-35,Brittney Hull
C00075,Mark,Martinez,West Sean,3220327371,Clown,1912-08-31,112,65+,Mark Martinez
C00076,Taylor,Jefferson,South Kimberly,5276040886,Professor,1947-03-30,77,65+,Taylor Jefferson
C00077,Ashley,Rivera,Lake Erika,8333768974,American football player,1981-09-24,43,35-50,Ashley Rivera
C00078,Adam,Bowen,Matthewland,3510968113,Scientist,1921-09-18,103,65+,Adam Bowen
C00079,John,Spears,New Joshuafurt,5795960532,Carpenter,1982-04-05,42,35-50,John Spears
C00080,Nicole,Williams,Kathrynside,8153937990,Geisha,1975-03-25,49,35-50,Nicole Williams
C00081,Cassandra,Anderson,Walshside,2108219051,Photographer,1973-12-20,51,50-65,Cassandra Anderson
C00082,Ashley,Reynolds,Karenstad,2307739575,Construction worker,1998-08-30,26,25-35,Ashley Reynolds
C00083,Dana,Mitchell,South Peggyville,4020962992,Detective,1926-02-05,98,65+,Dana Mitchell
C00084,John,Phillips,Jeremiahberg,9865603634,Journalist,1957-05-26,67,65+,John Phillips
C00085,Amy,Sanchez,Hillchester,3313438454,Repairman,2003-08-18,21,Below 25,Amy Sanchez
C00086,Robert,Taylor,South Meganland,1861864423,Clown,1945-01-06,79,65+,Robert Taylor
C00087,Michelle,Frazier,Cindymouth,740010628,Secretary,1935-06-11,89,65+,Michelle Frazier
C00088,Jose,Castillo,West Emily,9566682954,Farmer,1984-01-06,40,35-50,Jose Castillo
C00089,Justin,Rogers,South Christianmouth,9372755391,Builder,1936-11-25,88,65+,Justin Rogers
C00090,Meagan,Wilson,Tylershire,479431739,Salesman,1944-06-06,80,65+,Meagan Wilson
C00091,Robert,Craig,East Philip,5335973910,Engineer,1982-09-20,42,35-50,Robert Craig
C00092,Amanda,Coleman,North Johnmouth,550723277,Lunchroom supervisor,1967-08-07,57,50-65,Amanda Coleman
C00093,Amanda,Martinez,Andrewburgh,7283060844,Professor,1979-08-12,45,35-50,Amanda Martinez
C00094,Brittany,Padilla,Johnmouth,8809642786,Pirate,1965-06-12,59,50-65,Brittany Padilla
C00095,Nicholas,Chavez,Santiagoland,8707896169,American football player,1931-09-08,93,65+,Nicholas Chavez
C00096,Jerry,Smith,New Marc,2092462845,Foreman,2000-06-16,24,Below 25,Jerry Smith
C00097,Matthew,Bush,Welchfurt,3637847712,Singer,1959-03-26,65,50-65,Matthew Bush
C00098,Juan,Green,North Steventown,5315720080,Pilot,1923-01-10,101,65+,Juan Green
C00099,Randy,Garcia,North Nathan,5087179308,Nurse,1913-06-26,111,65+,Randy Garcia
C00100,Brandi,Clark,Victoriaport,3219735158,Farmer,1995-04-28,29,25-35,Brandi Clark
C00101,Anthony,Randolph,Port Justin,5505156129,Waiter,1980-09-20,44,35-50,Anthony Randolph
C00102,Kathryn,Griffin,Brittanytown,3014653382,Priest,1991-03-24,33,25-35,Kathryn Griffin
C00103,Gabriella,Little,West Christopher,9274129369,Salesman,1952-09-27,72,65+,Gabriella Little
C00104,Jasmine,Johnson,Kimberlyview,6871658803,Farmer,1940-09-26,84,65+,Jasmine Johnson
C00105,Jon,Davis,Brownside,9885875169,Businessman,1956-10-02,68,65+,Jon Davis
C00106,Angela,Hart,New Melissa,4118223866,Doorman,1946-03-02,78,65+,Angela Hart
C00107,Kristina,Myers,East Benjaminshire,5650626795,Magician,1983-03-03,41,35-50,Kristina Myers
C00108,Raymond,Gonzalez,New Kenneth,5659043935,Diver,1958-06-18,66,65+,Raymond Gonzalez
C00109,Sara,Coleman,North Brian,5357176387,Paramedic,1918-10-29,106,65+,Sara Coleman
C00110,Dana,Lynn,Shawnberg,6292949449,Flight attendant,1923-05-01,101,65+,Dana Lynn
C00111,Evelyn,Mcgrath,Fletcherberg,7102761296,Boxer,1967-09-30,57,50-65,Evelyn Mcgrath
C00112,Jodi,Dunn,Lawsonton,7900024441,Pirate,1952-09-30,72,65+,Jodi Dunn
C00113,Cynthia,Carpenter,Mannside,4725349690,Gardener,1947-02-13,77,65+,Cynthia Carpenter
C00114,Donna,Edwards,Port Alexander,3994752874,American football player,1926-04-28,98,65+,Donna Edwards
C00115,Jessica,Snyder,West Margaretville,6499523282,Photographer,1977-01-22,47,35-50,Jessica Snyder
C00116,Megan,Hughes,East Andrew,8266444839,Photographer,1981-05-14,43,35-50,Megan Hughes
C00117,Gregory,Williams,Lake Tracyville,9063679434,Student,1996-07-06,28,25-35,Gregory Williams
C00118,David,Murray,Lake Daniel,1981222636,Footballer,1982-01-09,42,35-50,David Murray
C00119,Michael,Lawson,New Kristinamouth,2077610923,Secretary,1995-10-15,29,25-35,Michael Lawson
C00120,David,Walker,Lake Travis,6639236743,Fireman,1949-02-25,75,65+,David Walker
C00121,Levi,Allen,New Davidbury,3470358437,Pilot,1924-02-22,100,65+,Levi Allen
C00122,Kevin,Vance,South Aliciafort,427247000,Painter,1917-12-03,107,65+,Kevin Vance
C00123,Lisa,Ross,Stewartland,1261674860,Engineer,1969-04-08,55,50-65,Lisa Ross
C00124,Christina,Montgomery,Amyville,5970912068,Professor,1914-10-26,110,65+,Christina Montgomery
C00125,Andrea,Guzman,Yorkville,7199934291,Farmer,1925-04-17,99,65+,Andrea Guzman
C00126,Molly,Thompson,Brianmouth,113078394,Pirate,1932-10-06,92,65+,Molly Thompson
C00127,Julie,Carpenter,Pagefurt,6604764870,Footballer,1948-08-08,76,65+,Julie Carpenter
C00128,Nathan,Moore,Taylorfort,3589071293,Photographer,1995-03-13,29,25-35,Nathan Moore
C00129,Cindy,Gallegos,Jacksonborough,4571782083,Priest,1938-05-16,86,65+,Cindy Gallegos
C00130,Jasmine,Robinson,South Christine,4865571467,Housekeeper,1984-01-14,40,35-50,Jasmine Robinson
C00131,Bradley,Dixon,East Adamhaven,2322239140,Secretary,2001-10-20,23,Below 25,Bradley Dixon
C00132,Christopher,Johnson,Rebekahhaven,4835472307,Dentist,1934-06-03,90,65+,Christopher Johnson
C00133,Patrick,Watson,Lake Kennethmouth,1674044570,Catholic nun,1935-07-15,89,65+,Patrick Watson
C00134,Barbara,Hughes,New Melissa,576320941,Gardener,1942-11-21,82,65+,Barbara Hughes
C00135,Marisa,Holt,Candicemouth,9579466356,Catholic nun,1925-02-17,99,65+,Marisa Holt
C00136,Kirk,Barnes,Brendabury,9711886725,Footballer,1967-07-06,57,50-65,Kirk Barnes
C00137,Shane,Cole,Jenniferside,3420117240,Salesman,1912-09-13,112,65+,Shane Cole
C00138,Nicholas,Martinez,Josephborough,9994012242,Footballer,1986-07-19,38,35-50,Nicholas Martinez
C00139,Kimberly,Garcia,East Anthonyside,5303922525,Fireman,2003-06-16,21,Below 25,Kimberly Garcia
C00140,Mary,Collier,Lake Andrewview,9777030959,Repairman,1978-09-18,46,35-50,Mary Collier
C00141,Rodney,Freeman,Garyshire,131209842,Detective,1954-06-02,70,65+,Rodney Freeman
C00142,Amanda,Martin,New Kara,5805041075,Housewife,1977-09-21,47,35-50,Amanda Martin
C00143,John,Jenkins,Shariview,1256711588,Clown,1996-10-08,28,25-35,John Jenkins
C00144,Melissa,Johnson,East Daniel,6733440725,Clown,2000-01-08,24,Below 25,Melissa Johnson
C00145,Jade,Newman,Mackenzieberg,7637423518,Painter,1957-08-08,67,65+,Jade Newman
C00146,Jonathan,Phillips,West Steve,2154386920,Singer,1917-02-03,107,65+,Jonathan Phillips
C00147,Ashley,Rivas,Coreyview,5396808447,Businessman,1922-05-12,102,65+,Ashley Rivas
C00148,Daniel,Morrow,Port Tonyaberg,6111383880,Doorman,1953-09-03,71,65+,Daniel Morrow
C00149,Brittney,Murray,Lake Marcusfurt,6220363030,Paramedic,1931-06-14,93,65+,Brittney Murray
C00150,Robert,Garner,Scottville,9871431656,Secretary,1957-09-13,67,65+,Robert Garner
C00151,Alicia,Frederick,South Davidmouth,4688569605,Footballer,1917-06-05,107,65+,Alicia Frederick
C00152,Donna,Cooper,Lake Jeremiahport,3253907221,Scientist,1986-05-05,38,35-50,Donna Cooper
C00153,Elijah,Graham,Ruizport,8978017504,Footballer,1921-06-12,103,65+,Elijah Graham
C00154,Charles,Shah,Jenniferbury,8748367451,Boxer,1914-04-16,110,65+,Charles Shah
C00155,Michael,Mcintyre,West Thomasborough,4267874140,Singer,1921-05-25,103,65+,Michael Mcintyre
C00156,Deborah,Anderson,East Josephland,1030665645,Police officer,1969-03-11,55,50-65,Deborah Anderson
C00157,Melissa,Armstrong,West Brandiside,3022218798,Pope,1932-01-21,92,65+,Melissa Armstrong
C00158,Hector,Smith,Wattsbury,470805826,Professor,1965-10-11,59,50-65,Hector Smith
C00159,Cathy,Peterson,Powersport,2139730819,Salesman,2002-04-04,22,Below 25,Cathy Peterson
C00160,Stephanie,Carter,New Anthony,7464359137,Soldier,1919-06-25,105,65+,Stephanie Carter
C00161,Rachel,Ross,East William,4086831312,Foreman,1915-03-04,109,65+,Rachel Ross
C00162,Joann,Davis,West Claudia,1898901410,Mechanic,2001-12-14,23,Below 25,Joann Davis
C00163,Wayne,Kennedy,Westhaven,3784036647,Scientist,1965-04-01,59,50-65,Wayne Kennedy
C00164,Mary,Pollard,New Jennifer,3022695282,Secretary,1954-01-12,70,65+,Mary Pollard
C00165,Kristi,Lowe,Debratown,2691607435,Cameraman,1939-03-28,85,65+,Kristi Lowe
C00166,Travis,Hicks,Kimberlystad,8234184081,Librarian,1928-04-02,96,65+,Travis Hicks
C00167,Tammy,Young,East Cherylmouth,8549468110,Salesman,1957-10-26,67,65+,Tammy Young
C00168,Alan,Bauer,Molinafort,6613973,Postman,1920-02-20,104,65+,Alan Bauer
C00169,Pamela,Fischer,Richhaven,6046511526,Businessman,1976-11-07,48,35-50,Pamela Fischer
C00170,Alfred,Padilla,Port Nicholas,1615683887,Clown,1918-02-11,106,65+,Alfred Padilla
C00171,John,Edwards,Perkinstown,9178670260,Painter,1978-07-29,46,35-50,John Edwards
C00172,Erika,Wong,Lake Margaret,4227134558,Housewife,1943-09-27,81,65+,Erika Wong
C00173,Kenneth,Peck,Roberthaven,9658851981,Flight attendant,1953-05-02,71,65+,Kenneth Peck
C00174,Mary,Lawson,Timothyton,4762135561,Reporter,1925-06-22,99,65+,Mary Lawson
C00175,Lynn,Hill,Fryeville,2924801789,Doorman,1954-04-14,70,65+,Lynn Hill
C00176,Jesse,Scott,Rogerfort,2126165604,Librarian,1954-10-31,70,65+,Jesse Scott
C00177,Anthony,Rodriguez,New Steven,9852185350,Scientist,1981-08-05,43,35-50,Anthony Rodriguez
C00178,Rebekah,Martin,West Brendafort,2080830251,Dentist,1966-08-19,58,50-65,Rebekah Martin
C00179,William,Kemp,Melindahaven,7046239981,Farmer,1920-08-18,104,65+,William Kemp
C00180,Zachary,Hubbard,North Danielbury,3560962309,Doctor,1962-03-13,62,50-65,Zachary Hubbard
C00181,Kenneth,Mcbride,West Angelicaville,7710637464,Geisha,1948-05-08,76,65+,Kenneth Mcbride
C00182,Amanda,Aguilar,West Josephville,7391902150,Carpenter,1981-12-08,43,35-50,Amanda Aguilar
C00183,Kevin,Jackson,Charlesburgh,5033367618,Diver,1943-09-10,81,65+,Kevin Jackson
C00184,Joseph,Petersen,West Jenniferfurt,4848229773,Professor,1920-05-05,104,65+,Joseph Petersen
C00185,Mary,Price,New Josehaven,8785885990,Dentist,1920-01-29,104,65+,Mary Price
C00186,Brian,Durham,New Sandra,7863175316,Geisha,1942-06-07,82,65+,Brian Durham
C00187,Susan,Gutierrez,Gilberttown,8371049582,Police officer,1995-12-04,29,25-35,Susan Gutierrez
C00188,Edwin,Madden,Charlesmouth,6429627597,Secretary,1962-04-15,62,50-65,Edwin Madden
C00189,Jonathan,Moore,Lake Robert,1810453297,Flight attendant,1994-01-28,30,25-35,Jonathan Moore
C00190,Sara,Miller,Melaniehaven,4334984742,Lunchroom supervisor,1925-04-11,99,65+,Sara Miller
C00191,Kayla,Hancock,South William,4597765439,Pirate,1922-10-01,102,65+,Kayla Hancock
C00192,Kimberly,Martinez,North Morgan,6414963963,American football player,1980-06-13,44,35-50,Kimberly Martinez
C00193,Ashley,Anderson,North Matthewbury,3417194722,Doorman,1974-09-17,50,35-50,Ashley Anderson
C00194,Christopher,Benton,Summerland,3083116317,Journalist,1971-02-10,53,50-65,Christopher Benton
C00195,Tammie,Cruz,South Jamie,3393812460,Businessman,1971-09-19,53,50-65,Tammie Cruz
C00196,Douglas,Davis,New Shawnport,9109942785,American football player,1928-06-05,96,65+,Douglas Davis
C00197,Randy,Brown,New Elizabethburgh,8762644168,Singer,1924-08-17,100,65+,Randy Brown
C00198,Brett,Dillon,Stevenshire,2786486906,Train conductor,1932-04-04,92,65+,Brett Dillon
C00199,Karen,Davis,Ellenhaven,1253672122,Gardener,1925-07-19,99,65+,Karen Davis
C00200,Dennis,White,Lake Mark,1566286207,Flight attendant,1995-08-23,29,25-35,Dennis White
C00201,Elijah,Stone,New Christophertown,5613008899,Construction worker,1954-07-23,70,65+,Elijah Stone
C00202,Raymond,Hill,North Ashley,3839502196,Pilot,1961-11-06,63,50-65,Raymond Hill
C00203,Aimee,Spence,Raymondside,3557982575,Flight attendant,2005-06-19,19,Below 25,Aimee Spence
C00204,Jason,Hoffman,North Karenchester,3143534817,Police officer,1973-09-05,51,50-65,Jason Hoffman
C00205,Maria,Leblanc,West Kyleshire,9152354233,Doorman,1920-05-03,104,65+,Maria Leblanc
C00206,Gregory,Brown,South Erin,7662262372,Construction worker,1929-11-01,95,65+,Gregory Brown
C00207,Teresa,Hall,Lake Holly,843313040,Fireman,1971-07-02,53,50-65,Teresa Hall
C00208,Gary,Bailey,East Mistyside,4840157557,Diver,1998-05-20,26,25-35,Gary Bailey
C00209,George,White,Lake Thomas,7845963408,Forest ranger,1946-12-08,78,65+,George White
C00210,Cory,Vasquez,Thomasmouth,6939933284,Carpenter,2000-03-30,24,Below 25,Cory Vasquez
C00211,Tracey,Johnson,South Dustin,3049081366,Housekeeper,1939-02-16,85,65+,Tracey Johnson
C00212,Jessica,Turner,West Robertborough,8224767749,Mechanic,2000-11-20,24,Below 25,Jessica Turner
C00213,Stephanie,Romero,Michaelbury,1461047513,Pilot,2002-08-09,22,Below 25,Stephanie Romero
C00214,Heather,Diaz,Stephenberg,4193502146,Electrician,1919-02-21,105,65+,Heather Diaz
C00215,Kristina,Ramirez,Lake Christina,8698141827,Painter,1988-02-27,36,35-50,Kristina Ramirez
C00216,Dawn,Simmons,Rogertown,8419746030,Construction worker,1924-08-03,100,65+,Dawn Simmons
C00217,Christian,Elliott,West Jessicachester,8895151575,Cameraman,1968-08-09,56,50-65,Christian Elliott
C00218,Judith,Manning,West Joelchester,8272325382,Detective,1999-12-21,25,Below 25,Judith Manning
C00219,Christopher,Jackson,South Dianafort,2871083112,Engineer,1946-07-01,78,65+,Christopher Jackson
C00220,Amanda,Holmes,New Kevin,970432168,Journalist,1995-03-31,29,25-35,Amanda Holmes
C00221,Alyssa,Church,Brianport,5629785432,Nurse,1976-07-19,48,35-50,Alyssa Church
C00222,Carolyn,Conley,Robertland,3624337155,Engineer,1948-02-29,76,65+,Carolyn Conley
C00223,Amy,Heath,Lake Angelaton,1955320301,Waiter,2003-01-13,21,Below 25,Amy Heath
C00224,Robert,Lambert,West Jeff,2802118938,Scientist,1932-05-27,92,65+,Robert Lambert
C00225,Alicia,Campbell,Davidchester,3364051752,Librarian,1928-08-21,96,65+,Alicia Campbell
C00226,April,Gilbert,Conleyburgh,4425271973,Lifeguard,1957-03-01,67,65+,April Gilbert
C00227,Julie,Johnson,Lake Michaelborough,8489733146,Reporter,1925-09-03,99,65+,Julie Johnson
C00228,Christopher,Brown,Paultown,9058719935,Pilot,1996-12-01,28,25-35,Christopher Brown
C00229,Michael,Meyer,West Colton,737827368,Lunchroom supervisor,1987-07-10,37,35-50,Michael Meyer
C00230,William,Stanley,Glennhaven,2573626197,Magician,1947-11-14,77,65+,William Stanley
C00231,Diana,Taylor,Georgehaven,5821189260,Mechanic,1949-02-16,75,65+,Diana Taylor
C00232,Mark,Chung,Nolanland,117578033,Engineer,1958-11-12,66,65+,Mark Chung
C00233,Brittany,Melton,Port Jennifer,2327892227,Architect,1977-08-30,47,35-50,Brittany Melton
C00234,Jamie,Brown,Scottmouth,6608535827,Pope,1955-08-31,69,65+,Jamie Brown
C00235,William,King,South Emily,5378593609,Surgeon,1993-03-27,31,25-35,William King
C00236,Adam,Kelly,Marquezmouth,1487378737,Gardener,1945-05-01,79,65+,Adam Kelly
C00237,Ronald,Martin,Westville,2060319841,Singer,2005-02-16,19,Below 25,Ronald Martin
C00238,Casey,Stout,Derekstad,1740126126,Librarian,1948-07-17,76,65+,Casey Stout
C00239,Jason,Glass,Foleymouth,2646295795,Nurse,1916-01-12,108,65+,Jason Glass
C00240,Jason,Jones,Port Robert,7067732921,Architect,1932-03-21,92,65+,Jason Jones
C00241,Sonya,Hart,Mirandaberg,3729137404,Lunchroom supervisor,1998-04-25,26,25-35,Sonya Hart
C00242,Dawn,Martinez,Blakefort,9776074394,Postman,1952-08-30,72,65+,Dawn Martinez
C00243,Jason,Clarke,New Oliviatown,7734578395,Priest,1916-03-31,108,65+,Jason Clarke
C00244,Johnny,Bailey,East Kimville,8798188487,Cameraman,1968-10-24,56,50-65,Johnny Bailey
C00245,Trevor,Cole,Alvarezfurt,5566057830,Student,1956-05-23,68,65+,Trevor Cole
C00246,Michael,Carpenter,Melissafort,5548908314,Photographer,1991-11-22,33,25-35,Michael Carpenter
C00247,Jennifer,Koch,Dixonfort,9758183321,Paramedic,1996-02-19,28,25-35,Jennifer Koch
C00248,Robert,Bowman,Lake Scott,6440214744,Flight attendant,1965-11-07,59,50-65,Robert Bowman
C00249,Kim,Pope,New Jeremy,1825253384,Priest,1980-05-12,44,35-50,Kim Pope
C00250,Margaret,Gray,Port Jennifer,3466058300,Postman,1990-05-15,34,25-35,Margaret Gray
C00251,Jessica,Price,Jacobstad,4486157436,Soldier,1946-07-05,78,65+,Jessica Price
C00252,Sarah,Turner,Patrickhaven,8884387383,Dentist,1972-06-14,52,50-65,Sarah Turner
C00253,Jill,Foster,South Samanthaborough,9654776319,Postman,1936-03-31,88,65+,Jill Foster
C00254,Stephen,Jones,Huffmanchester,7223417558,Priest,2005-01-30,19,Below 25,Stephen Jones
C00255,Heather,Cox,East Sydney,5991451624,Housekeeper,1923-08-27,101,65+,Heather Cox
C00256,Victoria,Bell,Port Stacey,1331322485,Doctor,1991-09-19,33,25-35,Victoria Bell
C00257,Douglas,Thompson,Paulbury,5796348150,Architect,2005-05-01,19,Below 25,Douglas Thompson
C00258,Amanda,Phillips,Geraldstad,3015188479,Librarian,1979-11-28,45,35-50,Amanda Phillips
C00259,Lisa,Hays,Port Richardchester,4390914359,Architect,1963-01-02,61,50-65,Lisa Hays
C00260,Becky,Harrison,Austinfurt,4513290128,Architect,1993-09-29,31,25-35,Becky Harrison
C00261,Michael,Fuentes,Lake Elizabethshire,2505311624,Journalist,1967-07-13,57,50-65,Michael Fuentes
C00262,Brittney,Kelly,Bowmanton,3705554737,Catholic nun,1973-10-25,51,50-65,Brittney Kelly
C00263,Jenna,Collins,Jasonchester,8823760819,Carpenter,1998-03-04,26,25-35,Jenna Collins
C00264,Dan,Patel,East Melvin,3523014813,Magician,1991-12-02,33,25-35,Dan Patel
C00265,Danny,Gross,Port Amanda,6950533927,Librarian,1934-03-30,90,65+,Danny Gross
C00266,Robert,Shepard,East Charleston,4243660122,Gardener,1917-10-06,107,65+,Robert Shepard
C00267,Melissa,Hill,South Staceyfurt,5513866065,Scientist,2003-02-19,21,Below 25,Melissa Hill
C00268,Mathew,Nunez,Alisonhaven,5022907095,Soldier,1931-08-07,93,65+,Mathew Nunez
C00269,Ronald,Morales,Heatherfurt,6149670426,Construction worker,1971-10-24,53,50-65,Ronald Morales
C00270,Kathleen,Owens,Kevinton,1411267125,Forest ranger,1984-11-23,40,35-50,Kathleen Owens
C00271,Andrew,Hamilton,Mitchellside,7712380526,Priest,1945-01-17,79,65+,Andrew Hamilton
C00272,Shawn,Peterson,Zhangmouth,6430605378,Construction worker,1939-06-09,85,65+,Shawn Peterson
C00273,Brittany,Stone,South Lesliechester,2260374390,Architect,2002-09-09,22,Below 25,Brittany Stone
C00274,Nicole,West,Bradleyshire,6297921158,Diver,1969-02-26,55,50-65,Nicole West
C00275,Dakota,Aguilar,South Alexandra,175195629,American football player,1917-07-29,107,65+,Dakota Aguilar
C00276,Patricia,Parker,Lawsonview,3511066746,Pirate,1993-01-08,31,25-35,Patricia Parker
C00277,Robert,Stanton,Lake Loritown,7727874360,Electrician,1987-06-06,37,35-50,Robert Stanton
C00278,Timothy,Preston,Elizabethstad,5658316945,Catholic nun,1920-10-29,104,65+,Timothy Preston
C00279,Abigail,Mason,Port Kellyville,2667384462,Salesman,1965-09-16,59,50-65,Abigail Mason
C00280,Jessica,Simpson,Karenburgh,6807394825,Journalist,1925-12-22,99,65+,Jessica Simpson
C00281,Theresa,Cowan,East Melindastad,2567310483,Detective,1930-09-09,94,65+,Theresa Cowan
C00282,Ryan,Walker,New Raymond,724395763,Student,1925-06-15,99,65+,Ryan Walker
C00283,Sandra,Kaiser,East Benjaminhaven,582413091,Gardener,2000-04-21,24,Below 25,Sandra Kaiser
C00284,Ebony,Rivera,Jenkinsside,6943386704,Pope,1951-07-31,73,65+,Ebony Rivera
C00285,Jason,Hayes,Alisonton,7059789533,Student,1962-09-26,62,50-65,Jason Hayes
C00286,Eric,Thomas,Rossport,4764623430,Surgeon,1927-06-05,97,65+,Eric Thomas
C00287,Samantha,Phillips,Lake Andrewburgh,4745838383,Magician,1940-09-21,84,65+,Samantha Phillips
C00288,Jane,Caldwell,South Anna,8228813556,Housewife,1971-02-27,53,50-65,Jane Caldwell
C00289,Aaron,Bates,South Susanside,3216481895,Lifeguard,1986-06-08,38,35-50,Aaron Bates
C00290,Andrea,King,Smithmouth,1721756609,Scientist,1978-12-20,46,35-50,Andrea King
C00291,Michelle,Hogan,Alvarezport,3836455359,Businessman,1921-10-18,103,65+,Michelle Hogan
C00292,Carla,Hanson,Melaniechester,2183404967,Repairman,1972-12-20,52,50-65,Carla Hanson
C00293,Anna,Gross,Andreamouth,7126200871,Pope,1921-11-13,103,65+,Anna Gross
C00294,Kevin,Pineda,South Omarshire,1544350079,Gardener,1951-07-03,73,65+,Kevin Pineda
C00295,Sarah,Bowen,Kylietown,1117575951,Detective,1913-09-28,111,65+,Sarah Bowen
C00296,Kimberly,Johnson,Bellshire,4809087756,Surgeon,1931-04-24,93,65+,Kimberly Johnson
C00297,Crystal,Hill,Fernandezfurt,4195547802,Pirate,1926-05-14,98,65+,Crystal Hill
C00298,Emily,Klein,Xavierborough,1970797275,Repairman,1961-04-15,63,50-65,Emily Klein
C00299,Kaitlyn,White,Richardport,5815643798,Diver,1975-12-09,49,35-50,Kaitlyn White
C00300,Daniel,Diaz,New Rachelhaven,8335343919,Soldier,1943-03-18,81,65+,Daniel Diaz
C00301,Christina,Camacho,Smithfurt,7928675678,Singer,1947-04-12,77,65+,Christina Camacho
C00302,Nicholas,Mathews,South Andrea,8667129669,Police officer,1964-04-27,60,50-65,Nicholas Mathews
C00303,Donna,Allen,Port Gregorychester,9570444045,Cameraman,1931-10-11,93,65+,Donna Allen
C00304,Laurie,Johnson,Port Janet,6485293178,Foreman,1930-09-05,94,65+,Laurie Johnson
C00305,John,Roman,South Matthewport,6352869747,Secretary,1992-07-30,32,25-35,John Roman
C00306,Darryl,English,West Jessicafort,4042422976,Doorman,1936-11-20,88,65+,Darryl English
C00307,Daniel,Morrison,North Joshuahaven,4161730709,Architect,1961-07-25,63,50-65,Daniel Morrison
C00308,Christopher,Mcpherson,Johnsonmouth,6363030299,Pilot,1952-01-11,72,65+,Christopher Mcpherson
C00309,Adam,Mcgee,New Janetchester,2663056070,Waiter,1919-05-16,105,65+,Adam Mcgee
C00310,Melody,Boyd,Port Theresa,6585301229,Fireman,1938-01-18,86,65+,Melody Boyd
C00311,Allison,Moody,West Brittany,1585087918,Forest ranger,1990-10-18,34,25-35,Allison Moody
C00312,Edgar,Sullivan,North Trevorland,3948930195,Reporter,1998-07-27,26,25-35,Edgar Sullivan
C00313,Michael,Lee,West Justin,2968908184,Pirate,1938-11-27,86,65+,Michael Lee
C00314,Michael,Hall,East William,4598574888,Surgeon,1948-11-13,76,65+,Michael Hall
C00315,Dorothy,Riley,Baldwinfurt,9269405730,Detective,1970-11-22,54,50-65,Dorothy Riley
C00316,Robin,Baird,Gonzalezbury,4008290972,Construction worker,1963-02-07,61,50-65,Robin Baird
C00317,Michael,Nelson,Petersonstad,5492870853,Housekeeper,1962-07-11,62,50-65,Michael Nelson
C00318,Jordan,Scott,West Susan,6630362669,Lunchroom supervisor,1983-12-22,41,35-50,Jordan Scott
C00319,Steven,Shields,Stewartview,4304659481,Scientist,1957-08-18,67,65+,Steven Shields
C00320,Anthony,Yates,Lake Danaview,3356291133,Waiter,1929-09-06,95,65+,Anthony Yates
C00321,Sarah,Short,East Nicoleport,20365483,Housewife,1952-05-01,72,65+,Sarah Short
C00322,Deborah,Anderson,Stewartburgh,1874137261,Professor,1942-02-28,82,65+,Deborah Anderson
C00323,Jose,Brown,New Tanyatown,3428799003,Farmer,1982-12-23,42,35-50,Jose Brown
C00324,Marissa,Cain,Alvarezborough,1620042445,Salesman,1968-01-11,56,50-65,Marissa Cain
C00325,Kaitlyn,Williams,Rachaelton,916595928,Construction worker,1978-02-10,46,35-50,Kaitlyn Williams
C00326,Jason,Hahn,Dylanhaven,6823954003,Secretary,1990-03-23,34,25-35,Jason Hahn
C00327,Christine,Blackwell,Castanedaport,7283247304,Secretary,1994-05-01,30,25-35,Christine Blackwell
C00328,Angela,Anderson,Ronaldside,8953160910,Journalist,1977-01-21,47,35-50,Angela Anderson
C00329,Kathryn,Mayer,New Tiffanyburgh,7610043632,Student,1988-05-10,36,35-50,Kathryn Mayer
C00330,Amanda,Frye,Port Derrickmouth,7788297347,Repairman,1970-08-21,54,50-65,Amanda Frye
C00331,Amanda,Heath,Jensenfurt,839163788,Electrician,1994-12-21,30,25-35,Amanda Heath
C00332,Danny,Leonard,Rodriguezchester,977319719,Priest,1970-01-07,54,50-65,Danny Leonard
C00333,Amber,Salazar,Pruittview,1477278303,Priest,1987-12-10,37,35-50,Amber Salazar
C00334,Brandon,Baker,Patrickburgh,2429795745,Gardener,1953-06-19,71,65+,Brandon Baker
C00335,Cindy,Luna,Robertmouth,2076871615,Waiter,1919-11-25,105,65+,Cindy Luna
C00336,Linda,Nolan,Wardstad,9671638007,Repairman,2003-01-06,21,Below 25,Linda Nolan
C00337,Paul,Rodgers,Kevinmouth,61987844,Boxer,1969-12-01,55,50-65,Paul Rodgers
C00338,Randy,Simpson,New Patrick,2436845484,Businessman,1998-01-14,26,25-35,Randy Simpson
C00339,Kristy,Porter,Hannahville,4622147305,Geisha,1931-11-10,93,65+,Kristy Porter
C00340,Randall,Moore,North Angela,7157634986,Magician,1968-07-26,56,50-65,Randall Moore
C00341,Jacob,Johnson,Cookland,6896487297,Pilot,1987-05-18,37,35-50,Jacob Johnson
C00342,Heather,Payne,Martinezborough,2567594579,Clown,1963-07-23,61,50-65,Heather Payne
C00343,Connie,Gordon,Hurleyshire,1792249099,Pilot,1934-01-11,90,65+,Connie Gordon
C00344,Kelly,Young,North Phillipbury,8976125426,Housekeeper,1928-09-29,96,65+,Kelly Young
C00345,Timothy,Boyd,Coleshire,3809446008,Salesman,1965-02-14,59,50-65,Timothy Boyd
C00346,Lisa,Jimenez,West Codyburgh,2118218171,Magician,1921-11-20,103,65+,Lisa Jimenez
C00347,Katherine,Bailey,Lake Terri,5229588834,Clown,1950-11-02,74,65+,Katherine Bailey
C00348,Helen,Brown,Greenburgh,8935004817,Detective,1924-05-21,100,65+,Helen Brown
C00349,Desiree,Gardner,Stanleyhaven,1712756397,Paramedic,2001-02-04,23,Below 25,Desiree Gardner
C00350,Ryan,Wallace,Kimberlytown,5066913910,Lunchroom supervisor,1982-11-28,42,35-50,Ryan Wallace
C00351,Anthony,Perkins,New Stanley,6812170094,Cameraman,2001-01-19,23,Below 25,Anthony Perkins
C00352,Danny,Mccormick,Williamsland,3263663652,American football player,1953-07-01,71,65+,Danny Mccormick
C00353,David,Johnson,East Jacqueline,2317218982,Police officer,1980-02-03,44,35-50,David Johnson
C00354,Melissa,Spence,South Angelatown,533734490,Lifeguard,1972-01-09,52,50-65,Melissa Spence
C00355,William,Walker,New Jameschester,4690836855,Fireman,1941-05-12,83,65+,William Walker
C00356,Sherry,Smith,Port Davidbury,7285172007,Architect,1921-02-19,103,65+,Sherry Smith
C00357,Catherine,Lee,Rodriguezfurt,4700285260,Cameraman,1919-02-23,105,65+,Catherine Lee
C00358,William,Miles,Staceyview,7311851154,Businessman,1962-07-16,62,50-65,William Miles
C00359,Paul,Wilson,South Christian,579965191,Carpenter,1961-11-11,63,50-65,Paul Wilson
C00360,Arthur,Randall,Jonmouth,5869179920,Repairman,1928-01-05,96,65+,Arthur Randall
C00361,Theresa,Hall,Hebertmouth,1753316846,Lunchroom supervisor,1930-08-29,94,65+,Theresa Hall
C00362,Abigail,Smith,Mullinsville,9801154635,Pilot,1938-10-27,86,65+,Abigail Smith
C00363,Haley,Blake,Smithmouth,5613206962,Secretary,1943-07-26,81,65+,Haley Blake
C00364,Megan,Small,Cathyport,2864006297,Boxer,1981-12-29,43,35-50,Megan Small
C00365,Joseph,Mills,Paulville,342940297,Construction worker,2003-11-14,21,Below 25,Joseph Mills
C00366,Emily,Clark,Johnsonburgh,5016491038,Mechanic,1915-04-25,109,65+,Emily Clark
C00367,Connor,Wright,South Angelaport,8652096362,Fireman,1975-10-10,49,35-50,Connor Wright
C00368,Jessica,Miles,South Bethany,4244961209,Farmer,2002-09-18,22,Below 25,Jessica Miles
C00369,Jennifer,Bartlett,Hunterberg,9219683019,Pirate,1963-11-22,61,50-65,Jennifer Bartlett
C00370,Eric,Mcguire,New Christopher,4647185819,Paramedic,1937-09-03,87,65+,Eric Mcguire
C00371,Corey,Wu,North Heathermouth,827775448,Farmer,1942-12-14,82,65+,Corey Wu
C00372,Benjamin,Webb,Garciaport,9650640150,Clown,1965-02-01,59,50-65,Benjamin Webb
C00373,Ann,White,North Denise,2992115599,Footballer,1922-10-31,102,65+,Ann White
C00374,Jason,Morse,Martinside,8041567732,Housewife,1989-07-21,35,25-35,Jason Morse
C00375,Eduardo,Stevenson,Garciahaven,113849499,Gardener,1927-12-06,97,65+,Eduardo Stevenson
C00376,Mary,Strong,New Amanda,428914589,Lunchroom supervisor,1947-01-15,77,65+,Mary Strong
C00377,Michael,Morris,New Emilyberg,8715816993,Paramedic,1967-06-15,57,50-65,Michael Morris
C00378,Michele,Hernandez,West Heatherberg,7725428977,Carpenter,1946-08-04,78,65+,Michele Hernandez
C00379,Colleen,Glover,Gonzalezmouth,7470239464,Pilot,1940-02-28,84,65+,Colleen Glover
C00380,Cody,Huang,New Nathanielfort,9135794326,Housewife,1936-11-08,88,65+,Cody Huang
C00381,Kim,White,Lake Deanna,4975019101,Train conductor,1943-08-26,81,65+,Kim White
C00382,Juan,Ali,Bishopview,7557102463,Housekeeper,1939-09-28,85,65+,Juan Ali
C00383,Jacqueline,Hughes,Andrewtown,7704166729,Pope,1936-12-25,88,65+,Jacqueline Hughes
C00384,Christopher,Anderson,West Lauren,2117273309,Carpenter,1922-06-05,102,65+,Christopher Anderson
C00385,Johnathan,Shah,North Jonathantown,300181748,Foreman,1987-04-18,37,35-50,Johnathan Shah
C00386,April,Thompson,Lake Cathyfurt,8582075239,Police officer,1979-02-28,45,35-50,April Thompson
C00387,Daniel,Andrade,Wangland,4853452576,Scientist,1937-08-09,87,65+,Daniel Andrade
C00388,Jeff,Foster,Port Zacharymouth,8177939485,Paramedic,1951-11-08,73,65+,Jeff Foster
C00389,David,Bailey,Ericburgh,1254555445,Lunchroom supervisor,1946-12-14,78,65+,David Bailey
C00390,Lisa,Watson,South Jeffrey,4458646627,American football player,1939-01-03,85,65+,Lisa Watson
C00391,Paul,Welch,South Jeffery,8337615786,Nurse,1977-04-02,47,35-50,Paul Welch
C00392,Kyle,Phillips,Reesefurt,9215837431,Lunchroom supervisor,1976-12-10,48,35-50,Kyle Phillips
C00393,Laura,Martinez,West Brittany,9590808224,Builder,1969-09-19,55,50-65,Laura Martinez
C00394,Yolanda,Davis,New Jesseburgh,5301657129,Flight attendant,1958-06-12,66,65+,Yolanda Davis
C00395,Julie,Jenkins,West Amy,9687649028,Construction worker,1914-05-13,110,65+,Julie Jenkins
C00396,Carlos,Pearson,West Ann,500291475,Forest ranger,1950-09-28,74,65+,Carlos Pearson
C00397,Nicole,Jimenez,North Mary,7962789867,Librarian,1981-01-23,43,35-50,Nicole Jimenez
C00398,Anthony,Brooks,South Johnny,4075913363,Pope,1959-09-13,65,50-65,Anthony Brooks
C00399,Gina,Bowen,New Lisa,1621923623,Pope,1916-08-14,108,65+,Gina Bowen
C00400,Angel,Cervantes,Timothyton,4241396689,Soldier,1930-05-08,94,65+,Angel Cervantes
C00401,Danielle,Bailey,Wardport,6276985839,Pilot,1913-04-10,111,65+,Danielle Bailey
C00402,Judith,Bell,Garciafurt,3326885522,Paramedic,1928-12-14,96,65+,Judith Bell
C00403,Linda,Cummings,Lake Veronicahaven,2944287576,Boxer,1948-03-08,76,65+,Linda Cummings
C00404,Ronald,Higgins,South Matthew,6920132441,Flight attendant,1969-06-23,55,50-65,Ronald Higgins
C00405,Matthew,Porter,East Timothyborough,2368546641,Priest,1918-09-03,106,65+,Matthew Porter
C00406,Autumn,Osborne,Port Lisa,2813201686,Catholic nun,2000-07-06,24,Below 25,Autumn Osborne
C00407,Bethany,Price,Justinfurt,3260661935,Foreman,1934-01-28,90,65+,Bethany Price
C00408,Kevin,Bolton,South Elizabethberg,7583681882,Doorman,1932-07-02,92,65+,Kevin Bolton
C00409,Samuel,Camacho,Ryanstad,8422472861,Salesman,1964-09-27,60,50-65,Samuel Camacho
C00410,Julie,Tanner,Williamberg,5784632540,Carpenter,1989-06-21,35,25-35,Julie Tanner
C00411,Carl,Leblanc,Port Johnfurt,641680593,Detective,1961-10-13,63,50-65,Carl Leblanc
C00412,Tracy,Warren,East Elizabeth,2030376433,Builder,1924-09-06,100,65+,Tracy Warren
C00413,Herbert,Cox,Masseyland,9533493632,Mechanic,1995-12-17,29,25-35,Herbert Cox
C00414,Michael,Jones,New Christopher,6552877610,Diver,1943-12-29,81,65+,Michael Jones
C00415,Patricia,George,North Ashley,5771314890,Housekeeper,1930-03-20,94,65+,Patricia George
C00416,Christopher,Miller,Chasemouth,3737477163,Geisha,1980-10-31,44,35-50,Christopher Miller
C00417,Alexis,Mendez,Angelaville,8181033195,Catholic nun,1917-05-22,107,65+,Alexis Mendez
C00418,Kenneth,Smith,South Theresamouth,781191246,Carpenter,1979-04-26,45,35-50,Kenneth Smith
C00419,Walter,Turner,New Nicoleborough,434291872,Magician,1925-01-05,99,65+,Walter Turner
C00420,Sarah,Contreras,Amandahaven,575879643,Lunchroom supervisor,2005-05-13,19,Below 25,Sarah Contreras
C00421,Nathaniel,Graham,North Maryfort,2298897259,Reporter,1985-03-01,39,35-50,Nathaniel Graham
C00422,Jennifer,Petty,Port Reneebury,5936409861,Postman,2003-01-03,21,Below 25,Jennifer Petty
C00423,Jessica,Reid,East Josemouth,8488759932,Scientist,1969-03-01,55,50-65,Jessica Reid
C00424,Steven,Conley,North Kelly,4377097359,Singer,1986-12-24,38,35-50,Steven Conley
C00425,Crystal,Wilkerson,West Kathryn,1296438507,Surgeon,1952-11-02,72,65+,Crystal Wilkerson
C00426,Emily,Deleon,Diazfort,5952291483,Architect,1913-08-30,111,65+,Emily Deleon
C00427,David,Carpenter,Robersonfurt,1377081512,Farmer,1980-05-25,44,35-50,David Carpenter
C00428,Stephanie,Willis,Sanchezside,4457758425,Soldier,1957-07-01,67,65+,Stephanie Willis
C00429,Heather,Ortiz,Wallerfurt,6217981866,Lunchroom supervisor,1916-02-05,108,65+,Heather Ortiz
C00430,Samantha,Mata,Lake Brettland,7617077111,Footballer,1922-06-15,102,65+,Samantha Mata
C00431,Peter,Martinez,Geraldtown,1272345448,Surgeon,1958-01-06,66,65+,Peter Martinez
C00432,Rhonda,Walker,Port Julie,1734927373,Pilot,1977-10-08,47,35-50,Rhonda Walker
C00433,Diana,Proctor,Espinozaland,4869492389,Boxer,1929-07-01,95,65+,Diana Proctor
C00434,Pamela,Schultz,Smithland,9121104329,Architect,1974-08-18,50,35-50,Pamela Schultz
C00435,Benjamin,Cain,Coxstad,5311108990,Clown,1975-07-20,49,35-50,Benjamin Cain
C00436,Courtney,Thomas,Fieldsside,2089542570,Doctor,2003-04-21,21,Below 25,Courtney Thomas
C00437,Rita,Riley,Reyesmouth,8540373501,Scientist,1930-08-28,94,65+,Rita Riley
C00438,Tonya,Lawson,Charlesville,5376539556,Architect,1975-06-15,49,35-50,Tonya Lawson
C00439,Keith,Lawson,Scottville,3054940081,Lifeguard,1968-11-14,56,50-65,Keith Lawson
C00440,Suzanne,Stone,East Aaron,6415952717,Painter,1924-05-05,100,65+,Suzanne Stone
C00441,Heather,Garrett,Comptonstad,3916549857,Electrician,1964-03-20,60,50-65,Heather Garrett
C00442,Clifford,Jones,Thomasport,5070185511,Priest,2005-07-03,19,Below 25,Clifford Jones
C00443,Marilyn,Brown,West Jessica,5375254811,Dentist,1987-04-27,37,35-50,Marilyn Brown
C00444,Tammy,Jones,Adamstown,4134528007,Librarian,1925-06-21,99,65+,Tammy Jones
C00445,Crystal,Robles,West Christopherville,1040213599,Farmer,2003-10-10,21,Below 25,Crystal Robles
C00446,Michael,Garcia,Lake Andrew,6866181202,Mechanic,1952-02-24,72,65+,Michael Garcia
C00447,Kyle,Morrison,Smithton,9337993173,Doorman,1950-11-06,74,65+,Kyle Morrison
C00448,Sharon,Clark,Davisshire,9365265019,Doctor,1983-09-11,41,35-50,Sharon Clark
C00449,Cynthia,Conley,Millermouth,2082426689,Fireman,1935-05-18,89,65+,Cynthia Conley
C00450,Rebecca,White,Figueroaville,5437901578,Footballer,1979-02-08,45,35-50,Rebecca White
C00451,Steven,Hernandez,North Adambury,1709656471,Student,1931-03-29,93,65+,Steven Hernandez
C00452,Rebecca,Rodgers,Waltersbury,3095917660,Cameraman,1957-01-25,67,65+,Rebecca Rodgers
C00453,Kenneth,Rivers,Mariafurt,9784293832,Reporter,1935-12-18,89,65+,Kenneth Rivers
C00454,Chelsea,Cardenas,South Betty,6857699612,Secretary,2001-11-05,23,Below 25,Chelsea Cardenas
C00455,Todd,Jackson,Barronshire,6176686649,Housekeeper,1922-07-14,102,65+,Todd Jackson
C00456,Cheryl,Prince,Port Elaine,5279245007,Lifeguard,1933-11-28,91,65+,Cheryl Prince
C00457,Nicholas,Parrish,Jonathanfort,1026331698,Surgeon,2001-04-24,23,Below 25,Nicholas Parrish
C00458,Rachel,Rocha,Kevinhaven,8696701582,Photographer,1957-03-04,67,65+,Rachel Rocha
C00459,Sarah,Herrera,Lake Danieltown,9908533519,American football player,1971-03-19,53,50-65,Sarah Herrera
C00460,Wesley,Sexton,West Rebeccafurt,8251199476,American football player,1982-11-25,42,35-50,Wesley Sexton
C00461,Jimmy,Odom,Parkerchester,9117459685,Reporter,1932-01-21,92,65+,Jimmy Odom
C00462,Michelle,Blair,East Davidstad,213211106,Nurse,1953-11-14,71,65+,Michelle Blair
C00463,Kathy,Hill,Walkerborough,545320032,Secretary,1917-01-03,107,65+,Kathy Hill
C00464,Courtney,Brewer,South Terri,7841063579,Nurse,1944-02-19,80,65+,Courtney Brewer
C00465,Lawrence,Martinez,West Tylermouth,7689804459,Journalist,1982-05-09,42,35-50,Lawrence Martinez
C00466,Jean,Kemp,Townsendfurt,8887272605,Dentist,1932-12-08,92,65+,Jean Kemp
C00467,Emily,Daugherty,West Miguel,4841898319,Housewife,1948-07-16,76,65+,Emily Daugherty
C00468,Timothy,Salinas,Brownstad,5837593990,Librarian,1930-06-14,94,65+,Timothy Salinas
C00469,Matthew,Cruz,Charlenechester,7947271982,Housekeeper,1944-07-01,80,65+,Matthew Cruz
C00470,Joseph,Smith,Lake Robertfort,2538783224,Pope,1993-03-01,31,25-35,Joseph Smith
C00471,Amanda,Wilson,Washingtonville,9029303922,Student,1983-10-24,41,35-50,Amanda Wilson
C00472,John,Ortega,Lake Andrew,8411700583,Pilot,1996-09-02,28,25-35,John Ortega
C00473,Vicki,Murphy,South Annette,6687240733,Geisha,1975-07-26,49,35-50,Vicki Murphy
C00474,Rachel,Baker,Port John,9034335028,Painter,1969-01-20,55,50-65,Rachel Baker
C00475,Robin,Hoffman,New Allison,5933506497,Fireman,1975-01-10,49,35-50,Robin Hoffman
C00476,Beth,Johnson,East Stephenbury,4827196436,Builder,1942-06-03,82,65+,Beth Johnson
C00477,Jessica,Schneider,Noahland,7715138005,Clown,2001-10-18,23,Below 25,Jessica Schneider
C00478,Emma,Huang,North Kimberlyland,4357727039,Reporter,1968-12-12,56,50-65,Emma Huang
C00479,Melissa,Sharp,New Omarmouth,964991771,Housekeeper,1917-04-14,107,65+,Melissa Sharp
C00480,Sarah,Gonzalez,Port Crystal,3513502921,Pirate,1999-03-01,25,Below 25,Sarah Gonzalez
C00481,James,Sanchez,Cassandrahaven,1643209705,Geisha,1942-12-29,82,65+,James Sanchez
C00482,Michael,Little,Sanchezshire,9491682022,Construction worker,1938-06-07,86,65+,Michael Little
C00483,Andrea,Lopez,New Jamesport,1321610113,Foreman,1988-03-16,36,35-50,Andrea Lopez
C00484,Angela,Jackson,Port Veronicaton,928887406,Detective,1941-06-08,83,65+,Angela Jackson
C00485,Kevin,Wolfe,Vanessaville,6342038300,Gardener,1978-03-12,46,35-50,Kevin Wolfe
C00486,Daniel,Williams,Youngmouth,4751977034,Builder,1920-10-17,104,65+,Daniel Williams
C00487,Ralph,Porter,Stephentown,7785387902,Flight attendant,1975-04-10,49,35-50,Ralph Porter
C00488,Maureen,Craig,New Caitlinburgh,9389212594,Pirate,1974-04-06,50,35-50,Maureen Craig
C00489,John,Lee,Weaverberg,1338220673,Salesman,1971-02-21,53,50-65,John Lee
C00490,Gregory,Turner,West Howard,8849411841,Pope,1947-09-25,77,65+,Gregory Turner
C00491,Bryan,Garner,East Sueview,7405397556,Footballer,1961-03-20,63,50-65,Bryan Garner
C00492,Tara,Fox,Wilsonbury,8972095296,Repairman,1953-01-07,71,65+,Tara Fox
C00493,Jennifer,Anderson,Port Maryberg,2321313508,Police officer,2005-03-02,19,Below 25,Jennifer Anderson
C00494,Thomas,Stokes,South Stevenshire,2168622289,Train conductor,1983-08-10,41,35-50,Thomas Stokes
C00495,Steven,Raymond,Gonzalesmouth,9604712728,Magician,1985-02-05,39,35-50,Steven Raymond
C00496,Melanie,Henderson,Meganfort,4439553220,Paramedic,1962-07-30,62,50-65,Melanie Henderson
C00497,Valerie,Gamble,Lake Jeanette,1555815347,Paramedic,1984-12-23,40,35-50,Valerie Gamble
C00498,Melissa,Robinson,Michaelborough,129088312,Farmer,1956-06-11,68,65+,Melissa Robinson
C00499,Sarah,King,East Kaitlynview,2432223613,Pirate,1962-11-29,62,50-65,Sarah King
C00500,Michael,Bell,North Zachary,527347815,Dentist,1942-04-14,82,65+,Michael Bell
C00501,Susan,Sosa,North Daniel,4207186010,Librarian,1953-06-28,71,65+,Susan Sosa
C00502,Michael,Miller,Camposton,5789650617,Flight attendant,1990-02-06,34,25-35,Michael Miller
C00503,Donna,Holt,Rebeccabury,9423007772,Businessman,1995-08-06,29,25-35,Donna Holt
C00504,Scott,Nelson,New Alexandershire,3797913106,Gardener,2005-08-01,19,Below 25,Scott Nelson
C00505,Diana,Gordon,Catherinemouth,180105469,Pilot,1956-07-01,68,65+,Diana Gordon
C00506,Tyler,Miller,Port Travis,635233828,Secretary,1931-11-13,93,65+,Tyler Miller
C00507,Matthew,Hernandez,Port Troy,2215370222,Priest,1955-04-03,69,65+,Matthew Hernandez
C00508,Donna,Brooks,Huntertown,8468843694,Housekeeper,1999-10-08,25,Below 25,Donna Brooks
C00509,Eric,Simpson,Franklinberg,8999747894,Electrician,1987-11-25,37,35-50,Eric Simpson
C00510,Alyssa,Hayden,Port William,1189740112,Scientist,1985-06-22,39,35-50,Alyssa Hayden
C00511,Shaun,Smith,New Dawntown,4158946596,Lifeguard,1969-06-09,55,50-65,Shaun Smith
C00512,Matthew,Allison,South Curtis,1131520799,Carpenter,1977-03-08,47,35-50,Matthew Allison
C00513,Rhonda,Thomas,Meghanborough,4097152110,Catholic nun,1940-04-09,84,65+,Rhonda Thomas
C00514,Antonio,Wong,North Christopherland,5220560599,Police officer,1960-01-31,64,50-65,Antonio Wong
C00515,Jose,Moore,Davidville,1449680993,Mechanic,1983-06-02,41,35-50,Jose Moore
C00516,James,Davis,Brianville,5426424039,Lunchroom supervisor,1997-12-10,27,25-35,James Davis
C00517,Benjamin,Carr,Patriciafort,2071751701,Forest ranger,1917-04-30,107,65+,Benjamin Carr
C00518,Stephanie,Mercado,Port Jenniferfurt,4423372985,Doorman,1967-09-19,57,50-65,Stephanie Mercado
C00519,Theodore,Peterson,Martintown,6470924597,Scientist,1941-06-05,83,65+,Theodore Peterson
C00520,Linda,Holloway,Ericburgh,6326628177,Construction worker,1969-01-08,55,50-65,Linda Holloway
C00521,William,Schmidt,New Michael,6116664441,Carpenter,1960-06-15,64,50-65,William Schmidt
C00522,Louis,Lester,Mcleanfurt,5356142133,Singer,1953-06-04,71,65+,Louis Lester
C00523,James,Benitez,Shawnburgh,9200470156,Pilot,1989-11-28,35,25-35,James Benitez
C00524,Justin,Henderson,Williamsmouth,7093183963,Businessman,1926-10-28,98,65+,Justin Henderson
C00525,Mary,Dillon,South Richardshire,807919697,Pope,1982-02-22,42,35-50,Mary Dillon
C00526,Frank,Gibson,Kevinland,6960600549,Pope,2002-10-06,22,Below 25,Frank Gibson
C00527,Austin,Merritt,Lake Briannaport,844638930,Foreman,1934-06-24,90,65+,Austin Merritt
C00528,Michael,White,Karenburgh,5171650591,Foreman,1917-06-28,107,65+,Michael White
C00529,Marc,Reynolds,Davidshire,6507349916,Scientist,1975-12-29,49,35-50,Marc Reynolds
C00530,Jeanette,Boyd,Lake Davidfort,4757160463,Carpenter,1964-06-20,60,50-65,Jeanette Boyd
C00531,Jennifer,Walker,Johnathanfort,8765797193,Lifeguard,2001-04-18,23,Below 25,Jennifer Walker
C00532,Todd,Smith,Mcconnellton,5940304127,Reporter,1928-06-03,96,65+,Todd Smith
C00533,Adam,Brooks,Trevorchester,1502213032,Boxer,1994-09-07,30,25-35,Adam Brooks
C00534,Richard,Olsen,Alexandratown,1719198010,Detective,1993-01-26,31,25-35,Richard Olsen
C00535,Samuel,Leon,East Annview,777681651,Businessman,1945-07-27,79,65+,Samuel Leon
C00536,Joshua,Galvan,West Alexton,122410743,Detective,1932-02-15,92,65+,Joshua Galvan
C00537,Jennifer,Morales,Whitneyville,1280235701,Lifeguard,1990-02-12,34,25-35,Jennifer Morales
C00538,Martha,Obrien,Tylerview,8013523961,Farmer,1974-04-02,50,35-50,Martha Obrien
C00539,Andrew,Woods,North Sonya,6119419792,Lunchroom supervisor,1976-04-03,48,35-50,Andrew Woods
C00540,Cassandra,Salazar,Martinville,3453939637,Detective,1933-08-30,91,65+,Cassandra Salazar
C00541,Charles,Simmons,Dannymouth,9356112293,Paramedic,1985-01-16,39,35-50,Charles Simmons
C00542,Jonathan,Smith,Patriciachester,1043620301,Surgeon,1962-09-14,62,50-65,Jonathan Smith
C00543,Brandon,Holmes,Barkerborough,3326104950,Lunchroom supervisor,1968-03-10,56,50-65,Brandon Holmes
C00544,Darius,Campos,Brianstad,5158984052,Doctor,1937-12-08,87,65+,Darius Campos
C00545,Jesus,Grant,New Ashleytown,6497490486,Fireman,1928-03-15,96,65+,Jesus Grant
C00546,Kayla,Shields,Palmerstad,5561166822,Construction worker,1964-06-02,60,50-65,Kayla Shields
C00547,Maria,Mills,Charlottebury,1492114525,Mechanic,1950-01-02,74,65+,Maria Mills
C00548,Pamela,Mccoy,Scotthaven,8939707178,Clown,1967-12-12,57,50-65,Pamela Mccoy
C00549,Jodi,Lopez,Josephland,6093262524,Magician,1989-02-27,35,25-35,Jodi Lopez
C00550,Paul,Johnson,West Martha,8776743029,Priest,1965-03-02,59,50-65,Paul Johnson
C00551,Charles,Kelley,South Lori,2467571890,Clown,1935-10-01,89,65+,Charles Kelley
C00552,Heather,Stanley,South Jacob,1816621297,Flight attendant,1957-09-27,67,65+,Heather Stanley
C00553,Andrew,Mcmillan,South Christine,642014313,Gardener,1996-09-08,28,25-35,Andrew Mcmillan
C00554,Elizabeth,Kaiser,Sweeneyfurt,1818670364,Engineer,1949-03-30,75,65+,Elizabeth Kaiser
C00555,Jesse,Cortez,North Rebecca,7110584182,Photographer,1993-10-29,31,25-35,Jesse Cortez
C00556,Timothy,Abbott,Carrollburgh,1317133881,Geisha,2003-11-02,21,Below 25,Timothy Abbott
C00557,Joshua,Ryan,New Scott,2764108932,Carpenter,1981-04-09,43,35-50,Joshua Ryan
C00558,Sarah,Mccarthy,West Willieside,5627586363,Geisha,1971-02-26,53,50-65,Sarah Mccarthy
C00559,Christopher,Brown,Chrisview,119525150,Builder,1929-10-19,95,65+,Christopher Brown
C00560,James,Myers,East Sherry,5491067513,Builder,1962-11-12,62,50-65,James Myers
C00561,Cody,Owen,Atkinsonville,4727420154,Painter,1924-08-18,100,65+,Cody Owen
C00562,Patrick,Peters,Lisamouth,5387383900,Farmer,1968-03-31,56,50-65,Patrick Peters
C00563,Thomas,Austin,West Heather,3597053757,Waiter,1996-10-10,28,25-35,Thomas Austin
C00564,Judy,Johnson,Lake Katherine,2445285489,Student,1956-12-29,68,65+,Judy Johnson
C00565,Taylor,Mcdonald,East Kara,5407370718,Nurse,1959-07-29,65,50-65,Taylor Mcdonald
C00566,Jerome,Alvarez,Andersonfort,7210053334,Waiter,1916-03-26,108,65+,Jerome Alvarez
C00567,Roy,Jacobs,Lewisstad,8616535972,Cameraman,1952-04-03,72,65+,Roy Jacobs
C00568,Larry,Valentine,Kathleenborough,1095534736,Train conductor,1962-06-04,62,50-65,Larry Valentine
C00569,Kelly,Neal,Charlesland,8196030135,Nurse,1929-03-16,95,65+,Kelly Neal
C00570,Amy,Moore,East David,4679201933,Cameraman,1935-01-28,89,65+,Amy Moore
C00571,Alyssa,Blair,Warnerview,9475425220,Carpenter,2005-05-25,19,Below 25,Alyssa Blair
C00572,Vanessa,Donaldson,New Amy,2539966784,Businessman,1923-08-04,101,65+,Vanessa Donaldson
C00573,Andrea,Coleman,Port Larry,4321318464,Librarian,1920-09-23,104,65+,Andrea Coleman
C00574,Jeffrey,Flores,Geraldville,6928028830,Footballer,1947-12-12,77,65+,Jeffrey Flores
C00575,Laura,Williams,Jenniferbury,4325461208,Secretary,1940-01-05,84,65+,Laura Williams
C00576,Steven,Park,Masonberg,1924869961,Soldier,1961-02-20,63,50-65,Steven Park
C00577,Thomas,Howard,Shanehaven,6847519267,Carpenter,1922-09-13,102,65+,Thomas Howard
C00578,Emily,Wallace,Port Karenview,685179407,Diver,1917-10-30,107,65+,Emily Wallace
C00579,Stephanie,Lane,Zamoraberg,9924899379,Mechanic,1980-10-18,44,35-50,Stephanie Lane
C00580,Dustin,Pitts,Hartport,19152822,Photographer,2001-09-16,23,Below 25,Dustin Pitts
C00581,Crystal,Medina,Williamsshire,4845193724,Pirate,1934-10-25,90,65+,Crystal Medina
C00582,Ryan,Flores,North Matthewland,551039512,Nurse,1963-12-17,61,50-65,Ryan Flores
C00583,Darrell,Hartman,West Steven,2817010813,Pope,2005-07-21,19,Below 25,Darrell Hartman
C00584,Parker,Serrano,Lisaland,3035049807,Mechanic,2005-01-07,19,Below 25,Parker Serrano
C00585,Joseph,Torres,Lynchmouth,3677931094,Painter,1973-05-05,51,50-65,Joseph Torres
C00586,Billy,Meyer,Williamton,6508629675,Reporter,1931-08-28,93,65+,Billy Meyer
C00587,Tiffany,Stephens,Robertberg,8297323151,Architect,1917-09-13,107,65+,Tiffany Stephens
C00588,Amy,Logan,Jeremyfurt,5746721577,Cameraman,1990-02-27,34,25-35,Amy Logan
C00589,Amber,Johnson,Ronaldstad,3464451802,Doctor,1947-08-21,77,65+,Amber Johnson
C00590,Jeffrey,Hernandez,Ryanton,2952577984,Repairman,1964-04-19,60,50-65,Jeffrey Hernandez
C00591,Troy,Roberts,Cruzmouth,7001219690,Catholic nun,1984-02-23,40,35-50,Troy Roberts
C00592,David,Washington,Josephbury,7850262023,Professor,1998-10-20,26,25-35,David Washington
C00593,Evan,King,Joelside,9273015784,Librarian,1935-08-14,89,65+,Evan King
C00594,Martha,Snyder,Lake Kristibury,3342106395,Foreman,1932-10-29,92,65+,Martha Snyder
C00595,Michael,Bender,West Rickeyshire,7958013117,Repairman,1933-12-22,91,65+,Michael Bender
C00596,Michael,Roy,South Michael,7270782236,Soldier,1931-06-27,93,65+,Michael Roy
C00597,Courtney,Lane,Hillburgh,7928703441,Forest ranger,1952-12-03,72,65+,Courtney Lane
C00598,Brittany,Mejia,Port Meagan,6072231255,Pilot,1924-12-17,100,65+,Brittany Mejia
C00599,Adam,Jackson,South Michellemouth,5133041526,Mechanic,1998-03-19,26,25-35,Adam Jackson
C00600,Deborah,Vargas,Michaelville,1177527893,Diver,1939-10-11,85,65+,Deborah Vargas
C00601,Lacey,Shaffer,New Danny,2977287347,Engineer,1993-04-02,31,25-35,Lacey Shaffer
C00602,Austin,Jones,Port Robert,1948464566,Paramedic,1960-04-14,64,50-65,Austin Jones
C00603,Mary,Pierce,Kennethside,7044565007,Geisha,1998-12-04,26,25-35,Mary Pierce
C00604,Amber,Hawkins,Christophershire,6959841913,Reporter,1962-08-08,62,50-65,Amber Hawkins
C00605,Lisa,Bowers,Lake Mark,6714658640,Pilot,1927-06-03,97,65+,Lisa Bowers
C00606,Joseph,Sawyer,Millsside,3139398075,Boxer,1926-03-19,98,65+,Joseph Sawyer
C00607,Samantha,Mason,Robinstad,7226780725,Doorman,1986-06-21,38,35-50,Samantha Mason
C00608,Christopher,Gibson,Monroeville,7543605309,Housewife,1996-11-13,28,25-35,Christopher Gibson
C00609,Ruth,Logan,Smithview,2773365006,Builder,1993-12-05,31,25-35,Ruth Logan
C00610,Collin,Baird,Williamsview,4965058954,Dentist,1957-12-17,67,65+,Collin Baird
C00611,Michael,Mata,Rachelville,2642097115,Electrician,1980-10-15,44,35-50,Michael Mata
C00612,Jeffrey,Miller,Port Marie,4171051323,Lunchroom supervisor,1977-08-08,47,35-50,Jeffrey Miller
C00613,Kelsey,Reed,West Sandy,8125226459,Carpenter,1927-01-02,97,65+,Kelsey Reed
C00614,Gary,Hernandez,North Bryan,1473956621,Paramedic,1942-09-14,82,65+,Gary Hernandez
C00615,Rose,Soto,East Ericchester,9606762231,Repairman,2000-08-21,24,Below 25,Rose Soto
C00616,Juan,White,Marktown,1034520528,Photographer,1934-07-25,90,65+,Juan White
C00617,Lisa,Martin,Lake Meganborough,5603838900,Pirate,1947-11-25,77,65+,Lisa Martin
C00618,Jamie,Mckenzie,Ryantown,9462112653,Mechanic,1939-10-13,85,65+,Jamie Mckenzie
C00619,Anthony,Hoffman,Jamietown,826688507,Librarian,1974-07-16,50,35-50,Anthony Hoffman
C00620,Jennifer,Young,South John,1500769411,Magician,1983-09-11,41,35-50,Jennifer Young
C00621,Monica,Elliott,Valeriechester,2790332234,Builder,1919-09-12,105,65+,Monica Elliott
C00622,Vickie,Rosario,Colleenview,8781833728,Mechanic,1968-01-07,56,50-65,Vickie Rosario
C00623,Derek,Foster,South Julie,7787189089,Pilot,1977-11-08,47,35-50,Derek Foster
C00624,Nancy,Hernandez,Pamelaview,1189929803,Lunchroom supervisor,1972-08-27,52,50-65,Nancy Hernandez
C00625,Diana,Sampson,New Angela,9859034831,Pirate,1930-03-16,94,65+,Diana Sampson
C00626,Michael,White,Emmaland,7687744310,Clown,1956-02-15,68,65+,Michael White
C00627,Samantha,Stark,Rojasborough,5087571905,Geisha,1914-05-22,110,65+,Samantha Stark
C00628,Anne,White,Port Andrewfort,8120362475,Magician,2005-08-05,19,Below 25,Anne White
C00629,Jane,Lee,New Jacquelineside,9032824141,Police officer,1963-05-21,61,50-65,Jane Lee
C00630,Deborah,Gonzalez,Suzanneberg,1568919811,Student,1974-11-11,50,35-50,Deborah Gonzalez
C00631,Nicholas,Rodgers,New Amber,3247984787,Pilot,1924-09-12,100,65+,Nicholas Rodgers
C00632,Miranda,George,Patriciamouth,9049648517,Footballer,1953-04-19,71,65+,Miranda George
C00633,Duane,White,Port Tinastad,1733499396,Professor,1991-07-24,33,25-35,Duane White
C00634,Tiffany,Alexander,Julianbury,6989937436,Surgeon,1917-06-05,107,65+,Tiffany Alexander
C00635,Anthony,Brooks,New Diana,5219391053,Detective,1933-10-30,91,65+,Anthony Brooks
C00636,Maria,Gilbert,New Michael,9351596661,Doctor,1933-09-11,91,65+,Maria Gilbert
C00637,Kimberly,Schultz,Jasonbury,4277750077,Professor,1994-11-14,30,25-35,Kimberly Schultz
C00638,James,Johnson,Port Chadborough,6529141618,Painter,1973-09-14,51,50-65,James Johnson
C00639,Kyle,Lee,West Jennifer,1888526996,Reporter,1920-04-15,104,65+,Kyle Lee
C00640,Rachel,Andersen,South Michelleberg,9687800314,Flight attendant,1945-11-20,79,65+,Rachel Andersen
C00641,Andrew,Morales,North Ashley,8105440959,Clown,1952-05-24,72,65+,Andrew Morales
C00642,Regina,Ingram,Guzmanshire,8587549995,Nurse,1914-03-04,110,65+,Regina Ingram
C00643,Laura,Mueller,Vasquezside,5732208796,Foreman,1982-06-01,42,35-50,Laura Mueller
C00644,Marcus,Douglas,Richardfurt,5320676148,Flight attendant,1996-08-19,28,25-35,Marcus Douglas
C00645,Gina,Romero,Port Jeremy,5322859007,Builder,1916-09-13,108,65+,Gina Romero
C00646,Kathleen,Hernandez,New Angela,831769932,Doctor,1934-06-11,90,65+,Kathleen Hernandez
C00647,Tracy,Brown,Amytown,1456003361,Boxer,1982-01-10,42,35-50,Tracy Brown
C00648,Veronica,Leonard,New Rodneyport,8449585559,Detective,1926-03-04,98,65+,Veronica Leonard
C00649,Anthony,Rodriguez,West Jennifer,7263199987,Forest ranger,2002-09-12,22,Below 25,Anthony Rodriguez
C00650,James,Washington,East Markhaven,1764341408,Lunchroom supervisor,1925-04-04,99,65+,James Washington
C00651,Jeffrey,Lopez,Waltershire,2443530069,Flight attendant,1943-12-16,81,65+,Jeffrey Lopez
C00652,Nicholas,Cantrell,Martinezside,5070801035,Librarian,1971-04-01,53,50-65,Nicholas Cantrell
C00653,Manuel,Barnett,Hendersonshire,6403731882,Waiter,1944-01-24,80,65+,Manuel Barnett
C00654,Dylan,Williams,Jessicaborough,5548328176,Mechanic,1952-02-25,72,65+,Dylan Williams
C00655,Troy,Vaughn,Ortegafort,1079956890,Singer,1955-06-28,69,65+,Troy Vaughn
C00656,Elizabeth,Clark,Port Jennifer,1181812138,Magician,1972-09-18,52,50-65,Elizabeth Clark
C00657,Stephanie,Moore,Port Brenda,9718825007,Pirate,1976-07-21,48,35-50,Stephanie Moore
C00658,Lisa,Carlson,Schmidtburgh,5180837363,Catholic nun,1992-08-18,32,25-35,Lisa Carlson
C00659,Hannah,Dudley,Phillipville,3497245317,Photographer,2003-08-05,21,Below 25,Hannah Dudley
C00660,Nathan,Gomez,Nicholasburgh,615754833,Doctor,1941-06-08,83,65+,Nathan Gomez
C00661,Carlos,Krueger,Jasmineborough,8473640218,Pirate,1943-05-08,81,65+,Carlos Krueger
C00662,James,Garza,South Erik,1676042193,Builder,1921-12-27,103,65+,James Garza
C00663,Bruce,Lopez,Kaitlynburgh,5906079526,Geisha,1923-06-15,101,65+,Bruce Lopez
C00664,Laura,Reid,North Michaelhaven,3412005177,Waiter,1961-08-14,63,50-65,Laura Reid
C00665,Christopher,Sandoval,East Mark,5069430526,Magician,1966-06-04,58,50-65,Christopher Sandoval
C00666,Denise,Moran,South Joshua,1234891738,Professor,1917-09-09,107,65+,Denise Moran
C00667,Ricardo,Herman,Robynfurt,5365211022,Boxer,1941-06-18,83,65+,Ricardo Herman
C00668,Willie,Burnett,Brewerhaven,1370627509,Mechanic,1989-01-17,35,25-35,Willie Burnett
C00669,Steven,Benson,West Kimberly,7346210623,Housekeeper,1947-06-30,77,65+,Steven Benson
C00670,Jeffrey,Davis,Austinfurt,4285260133,Catholic nun,1916-09-07,108,65+,Jeffrey Davis
C00671,Andrea,Williams,Jeremyshire,7458924366,Catholic nun,1947-06-23,77,65+,Andrea Williams
C00672,Autumn,Richard,Port Michaelmouth,3859872735,Soldier,1958-04-03,66,65+,Autumn Richard
C00673,Brittany,Miller,New Shawnport,6880141959,Singer,1964-11-22,60,50-65,Brittany Miller
C00674,Darlene,Harrington,Port Kevin,3407050258,Surgeon,1950-01-15,74,65+,Darlene Harrington
C00675,Kayla,Hernandez,Palmerview,248221366,Catholic nun,1992-06-29,32,25-35,Kayla Hernandez
C00676,Rebecca,Fisher,New Williamview,2818308380,Carpenter,1923-04-16,101,65+,Rebecca Fisher
C00677,Robert,Sullivan,West Keithstad,1800822510,Diver,1959-04-28,65,50-65,Robert Sullivan
C00678,Harold,Alexander,Lake Brendatown,7330685017,Flight attendant,1960-04-29,64,50-65,Harold Alexander
C00679,Jose,Tyler,East Ronald,2056851927,Cameraman,1952-08-27,72,65+,Jose Tyler
C00680,Catherine,Stokes,South Aaronstad,6226361783,Construction worker,1994-09-06,30,25-35,Catherine Stokes
C00681,Michael,Morrow,Lake Richardview,384848507,Photographer,1938-06-17,86,65+,Michael Morrow
C00682,Sean,Bauer,Blackchester,3148705900,Architect,1999-05-04,25,Below 25,Sean Bauer
C00683,John,Young,Rachelton,777431358,Businessman,1935-12-21,89,65+,John Young
C00684,Tammie,Wells,New Timothy,5452166538,Fireman,2005-01-17,19,Below 25,Tammie Wells
C00685,Melissa,Long,North James,3579721325,Repairman,1976-10-28,48,35-50,Melissa Long
C00686,Thomas,Miller,North Michael,8307052052,Clown,1998-02-18,26,25-35,Thomas Miller
C00687,Jeffery,Jones,Curtismouth,6645266424,Flight attendant,1919-10-06,105,65+,Jeffery Jones
C00688,Kaitlyn,Baker,Rachaeltown,1046763242,Geisha,1913-07-30,111,65+,Kaitlyn Baker
C00689,Kenneth,Mcdaniel,Obrienchester,2651692401,Singer,1938-01-14,86,65+,Kenneth Mcdaniel
C00690,Katherine,Mitchell,Griffinborough,6508175572,Train conductor,1930-03-16,94,65+,Katherine Mitchell
C00691,Paul,Donaldson,Petersonmouth,1112162573,Foreman,2004-08-09,20,Below 25,Paul Donaldson
C00692,Benjamin,Carter,South Marcton,2142842792,Lunchroom supervisor,1999-09-16,25,Below 25,Benjamin Carter
C00693,Meagan,Goodman,North Sandraburgh,3389599759,Nurse,1943-12-18,81,65+,Meagan Goodman
C00694,Vanessa,Morales,East Michelleview,1540325564,Geisha,2003-02-04,21,Below 25,Vanessa Morales
C00695,Andrew,Moore,Port Mariabury,9496641061,Architect,1968-12-10,56,50-65,Andrew Moore
C00696,Matthew,Thompson,Alicialand,967752942,Waiter,1940-07-04,84,65+,Matthew Thompson
C00697,Mark,Edwards,Lake Nicolefurt,8146843171,Construction worker,1925-02-25,99,65+,Mark Edwards
C00698,Ashley,Jenkins,Katelynside,8554088021,Detective,1961-12-27,63,50-65,Ashley Jenkins
C00699,Jessica,Smith,Lake Johnside,598630106,Detective,1919-06-07,105,65+,Jessica Smith
C00700,Jennifer,Hoffman,Seanside,7232298734,Foreman,1976-12-28,48,35-50,Jennifer Hoffman
C00701,Deborah,Rodriguez,Catherineland,943161640,Footballer,1948-05-22,76,65+,Deborah Rodriguez
C00702,Mark,Horton,Mollychester,6651340728,Soldier,1940-02-26,84,65+,Mark Horton
C00703,Lisa,Huffman,Bradleyhaven,2424454691,Cameraman,1917-09-17,107,65+,Lisa Huffman
C00704,Leslie,Ferguson,Davenportfort,9439281266,Repairman,2003-11-01,21,Below 25,Leslie Ferguson
C00705,Gerald,Medina,Brownchester,2215603273,Train conductor,1984-05-11,40,35-50,Gerald Medina
C00706,Jerome,Gardner,Lake Brittany,627110439,Electrician,1982-12-29,42,35-50,Jerome Gardner
C00707,Jeremy,Hale,Youngfort,7173531904,Housekeeper,2004-05-08,20,Below 25,Jeremy Hale
C00708,Randy,Cruz,Roseport,2050896553,Flight attendant,1965-09-13,59,50-65,Randy Cruz
C00709,Felicia,Burch,Waltersport,4218840260,Diver,1926-07-23,98,65+,Felicia Burch
C00710,Jeremy,Barnes,Lake Jasmineburgh,8626675552,Police officer,1941-12-29,83,65+,Jeremy Barnes
C00711,Joel,Sullivan,Port Mary,9564866224,Secretary,1933-02-03,91,65+,Joel Sullivan
C00712,Shelly,Kerr,Gabrielville,2225691275,Architect,1956-10-21,68,65+,Shelly Kerr
C00713,Eric,Armstrong,Hollandton,1000133942,Priest,1947-05-06,77,65+,Eric Armstrong
C00714,Ralph,Carson,Griffinfort,1038957857,Painter,1964-08-22,60,50-65,Ralph Carson
C00715,Todd,Taylor,Aguilarside,406762013,Pope,1933-06-28,91,65+,Todd Taylor
C00716,Andrea,Evans,Port Reneeberg,5110664725,Construction worker,1973-09-30,51,50-65,Andrea Evans
C00717,Alex,Freeman,Port Deniseview,7388642134,Scientist,1983-08-24,41,35-50,Alex Freeman
C00718,Steven,Perez,Huynhburgh,5151441524,Forest ranger,1963-07-12,61,50-65,Steven Perez
C00719,Chase,Weber,Odonnellborough,9539864747,Soldier,1921-11-18,103,65+,Chase Weber
C00720,Jeremy,Reid,Leefort,7544815951,Foreman,2002-10-11,22,Below 25,Jeremy Reid
C00721,Alan,Wilson,Burgessfort,9266612432,Lifeguard,1987-04-12,37,35-50,Alan Wilson
C00722,Makayla,Miller,Port Travis,921355614,Foreman,1972-05-27,52,50-65,Makayla Miller
C00723,Christopher,Carroll,East Michaelborough,7768984465,Clown,1971-07-27,53,50-65,Christopher Carroll
C00724,Jeremy,Boyle,West Steven,9669114724,Pope,1916-10-08,108,65+,Jeremy Boyle
C00725,Michael,Austin,Davischester,5760363223,Businessman,1981-04-09,43,35-50,Michael Austin
C00726,Anna,Rivera,West Jacobview,1539517533,Electrician,1981-09-23,43,35-50,Anna Rivera
C00727,Maria,Sanchez,Monicaton,8550728359,Repairman,1997-09-03,27,25-35,Maria Sanchez
C00728,Victoria,Brown,Port Paulchester,5722522738,Police officer,1941-08-14,83,65+,Victoria Brown
C00729,Kathryn,Reed,Thompsonshire,9909946258,American football player,1997-12-04,27,25-35,Kathryn Reed
C00730,Amanda,Maxwell,Mariaborough,8005721349,Housewife,2000-06-27,24,Below 25,Amanda Maxwell
C00731,Erik,Perry,New Johnmouth,5748715244,Lifeguard,1933-12-17,91,65+,Erik Perry
C00732,Lawrence,Richardson,Virginiamouth,9717646397,Student,1978-07-13,46,35-50,Lawrence Richardson
C00733,Stefanie,Mendez,Port Morganton,4288957370,Lifeguard,1968-06-24,56,50-65,Stefanie Mendez
C00734,Sandra,Foster,Lake Taylor,7261317870,Lifeguard,1935-05-17,89,65+,Sandra Foster
C00735,Seth,Hughes,Troyland,6075823006,Repairman,1970-03-24,54,50-65,Seth Hughes
C00736,Andrea,Murphy,Brookstown,8721506321,Housekeeper,1949-05-25,75,65+,Andrea Murphy
C00737,Rhonda,Kennedy,East Haroldfurt,6020638239,Priest,1931-12-10,93,65+,Rhonda Kennedy
C00738,Alan,Baker,Lake Pamelaview,8621916627,Flight attendant,1972-12-10,52,50-65,Alan Baker
C00739,Joshua,Garner,New Fernando,1018231562,American football player,1970-06-14,54,50-65,Joshua Garner
C00740,Sarah,Petty,Lake Danieltown,5485063217,Photographer,1932-04-22,92,65+,Sarah Petty
C00741,Sara,Lloyd,Lake Robertchester,4206755714,Housekeeper,1943-10-15,81,65+,Sara Lloyd
C00742,Gabriella,Ward,Davidville,3718107656,Carpenter,1944-06-12,80,65+,Gabriella Ward
C00743,Anthony,Greene,Port Kathleen,4872286829,Reporter,1923-12-12,101,65+,Anthony Greene
C00744,John,Schneider,New Sean,2509961768,Scientist,1993-07-12,31,25-35,John Schneider
C00745,Gina,Phillips,Sheilafort,5859022928,Paramedic,1925-04-17,99,65+,Gina Phillips
C00746,Nicole,Garcia,East Amy,337615304,Repairman,1957-05-01,67,65+,Nicole Garcia
C00747,Sandra,Cortez,Huntermouth,9049541069,Lifeguard,1939-02-14,85,65+,Sandra Cortez
C00748,Alexandra,Martin,Sheltonmouth,4802950209,Mechanic,1974-06-24,50,35-50,Alexandra Martin
C00749,Maria,Love,Jonesmouth,2095094750,Magician,1958-07-01,66,65+,Maria Love
C00750,Patricia,Griffin,Kaylamouth,8432057605,Scientist,1995-11-07,29,25-35,Patricia Griffin
C00751,Travis,Wilson,New Lisahaven,285482074,Journalist,1972-03-06,52,50-65,Travis Wilson
C00752,Tracey,Melendez,New David,5007523658,Surgeon,1950-04-03,74,65+,Tracey Melendez
C00753,Lauren,Jackson,New Ashleyside,6769484360,Foreman,1976-11-26,48,35-50,Lauren Jackson
C00754,Alicia,Sweeney,Joannaton,3378702219,Lifeguard,1971-11-04,53,50-65,Alicia Sweeney
C00755,Andrew,Johnson,South Cindyburgh,6056533267,Doorman,1925-08-13,99,65+,Andrew Johnson
C00756,Christopher,Jones,East Benjamin,7757955546,Foreman,1978-02-08,46,35-50,Christopher Jones
C00757,Robert,Parker,Bridgesborough,8093595101,Librarian,1986-10-02,38,35-50,Robert Parker
C00758,Jose,Reynolds,Port Christophermouth,306159248,Lunchroom supervisor,1941-06-02,83,65+,Jose Reynolds
C00759,Adam,Newton,East Lisa,4733413102,Postman,1976-02-05,48,35-50,Adam Newton
C00760,Whitney,Harper,South Shannonland,4230327095,Pirate,1957-12-25,67,65+,Whitney Harper
C00761,John,Garrison,Cherylview,1746647992,Geisha,1974-05-24,50,35-50,John Garrison
C00762,Patricia,Mendez,Port Thomas,8773485863,Doorman,1983-07-18,41,35-50,Patricia Mendez
C00763,Tammie,Walker,Nicolemouth,6819153333,Cameraman,1957-10-27,67,65+,Tammie Walker
C00764,Amy,Herring,West Robertton,7935336285,Boxer,1955-04-28,69,65+,Amy Herring
C00765,Brittany,Alexander,East Brian,897219297,Businessman,2002-01-04,22,Below 25,Brittany Alexander
C00766,Brittney,Roberts,East Carl,9275048921,Farmer,1984-01-10,40,35-50,Brittney Roberts
C00767,Elaine,Chambers,Mileschester,8108109072,Detective,1985-09-23,39,35-50,Elaine Chambers
C00768,Benjamin,Bush,East Kimberlyland,7286152593,Gardener,1921-02-24,103,65+,Benjamin Bush
C00769,Donald,Wilson,Angelaville,3609764401,Flight attendant,1957-10-16,67,65+,Donald Wilson
C00770,Michelle,Skinner,West Jamesshire,7334139711,Lunchroom supervisor,1996-07-02,28,25-35,Michelle Skinner
C00771,Tracy,Lee,Georgehaven,3401007638,Paramedic,1943-10-03,81,65+,Tracy Lee
C00772,Catherine,Singleton,Lake Alexander,1786388380,Construction worker,1914-01-11,110,65+,Catherine Singleton
C00773,Joseph,Brandt,Morganstad,8398288,Farmer,1965-06-15,59,50-65,Joseph Brandt
C00774,Ashley,Holt,Douglasberg,9889576456,Police officer,1994-05-30,30,25-35,Ashley Holt
C00775,Anthony,Taylor,Port Jamie,4318184441,Pirate,1913-07-24,111,65+,Anthony Taylor
C00776,Sean,Johnson,Georgemouth,4629969230,Magician,1918-10-02,106,65+,Sean Johnson
C00777,Amanda,Brown,North Sarahshire,6890918289,Secretary,1973-11-16,51,50-65,Amanda Brown
C00778,Jeffrey,Cooper,Grossland,1596471441,Catholic nun,1958-11-15,66,65+,Jeffrey Cooper
C00779,Brendan,Espinoza,North Juliemouth,2418886369,Farmer,1915-10-26,109,65+,Brendan Espinoza
C00780,Sydney,Johns,South Lynnview,4833751857,Boxer,2004-11-22,20,Below 25,Sydney Johns
C00781,Jill,Morales,Jasonborough,9605193043,Clown,1992-09-09,32,25-35,Jill Morales
C00782,Corey,Walker,North John,2269573622,Singer,1948-01-30,76,65+,Corey Walker
C00783,Mark,Stout,New Scottshire,6598793952,Student,1992-11-03,32,25-35,Mark Stout
C00784,David,Johnson,Amandatown,8880213745,Carpenter,1934-10-07,90,65+,David Johnson
C00785,Douglas,Smith,Gainestown,3310616854,Forest ranger,1962-03-07,62,50-65,Douglas Smith
C00786,Catherine,Schmidt,North Robert,1359994605,Geisha,1933-02-20,91,65+,Catherine Schmidt
C00787,Sherry,Rodriguez,South Dawntown,4332023038,Singer,1947-02-08,77,65+,Sherry Rodriguez
C00788,Jared,Smith,Hayesbury,9949081147,Police officer,1966-04-30,58,50-65,Jared Smith
C00789,Derrick,David,Port Elizabeth,1243745649,Architect,1983-07-07,41,35-50,Derrick David
C00790,Pamela,Vega,North Jennifer,4502970567,Librarian,1969-11-26,55,50-65,Pamela Vega
C00791,Zachary,Copeland,West Jennifer,9081856664,Housekeeper,1991-11-10,33,25-35,Zachary Copeland
C00792,Joseph,Mason,Bradleyville,2680128732,Mechanic,1958-08-05,66,65+,Joseph Mason
C00793,Brian,Fletcher,South Catherineton,857435562,Photographer,1939-03-11,85,65+,Brian Fletcher
C00794,Angel,Torres,South Danielshire,5235219598,Forest ranger,1912-10-01,112,65+,Angel Torres
C00795,Austin,Edwards,Port Helen,2172122234,Foreman,1950-10-11,74,65+,Austin Edwards
C00796,Michael,Clark,Rachaeltown,5625827588,Foreman,1995-05-22,29,25-35,Michael Clark
C00797,Samantha,Wolf,Delgadoshire,5016349614,Engineer,1932-01-19,92,65+,Samantha Wolf
C00798,David,Lopez,North Sarah,1521116865,Pilot,1986-01-13,38,35-50,David Lopez
C00799,Rachel,Shannon,Andersonborough,2573678592,Forest ranger,1933-09-13,91,65+,Rachel Shannon
C00800,Deborah,York,East Ashleystad,724390890,Pirate,1963-05-07,61,50-65,Deborah York
C00801,Regina,Brock,North Melissa,6315700438,Pirate,1975-11-14,49,35-50,Regina Brock
C00802,Maria,Brown,Collinschester,6438009102,Train conductor,1949-12-19,75,65+,Maria Brown
C00803,Christopher,Pennington,Joshuashire,1499917707,Professor,1973-01-09,51,50-65,Christopher Pennington
C00804,Victoria,Diaz,East Dylan,58215012,Salesman,1962-02-09,62,50-65,Victoria Diaz
C00805,Anthony,West,Walkerburgh,196688576,Businessman,1990-06-12,34,25-35,Anthony West
C00806,Angelica,Ellis,West Kimberly,4218325294,Gardener,1960-06-06,64,50-65,Angelica Ellis
C00807,Angelica,Hall,Port Carolynchester,1588406086,Gardener,2001-05-29,23,Below 25,Angelica Hall
C00808,Kelly,Owen,South Brianburgh,9785147117,American football player,1917-04-03,107,65+,Kelly Owen
C00809,Dave,Fernandez,Lake Karenton,5596559665,Fireman,1960-07-14,64,50-65,Dave Fernandez
C00810,April,Johnson,East Julianburgh,2300944453,Soldier,1957-06-19,67,65+,April Johnson
C00811,Jennifer,Wong,Sheltonborough,1889156478,Paramedic,1948-12-28,76,65+,Jennifer Wong
C00812,Nathan,Thompson,Port Jonathonville,710678550,Singer,1925-05-30,99,65+,Nathan Thompson
C00813,David,Jackson,West Johnshire,6094347796,Singer,1956-03-27,68,65+,David Jackson
C00814,Ernest,Taylor,Whitneyfurt,9492652610,American football player,1950-04-07,74,65+,Ernest Taylor
C00815,Katherine,Bentley,Williamsfurt,8037247410,Pope,1998-02-02,26,25-35,Katherine Bentley
C00816,Michael,Rose,Johnsonton,6014387863,Photographer,1984-05-15,40,35-50,Michael Rose
C00817,Mary,Juarez,Keithchester,48596187,Geisha,1988-07-12,36,35-50,Mary Juarez
C00818,Maria,Russo,East Paulaton,5755121463,Postman,1997-04-08,27,25-35,Maria Russo
C00819,Donna,Perez,New Zachary,270640689,Scientist,2003-01-13,21,Below 25,Donna Perez
C00820,Joseph,White,North Rebeccaberg,3320972178,Secretary,1983-01-28,41,35-50,Joseph White
C00821,Nathan,Lee,East Diane,8226754591,Salesman,1940-09-23,84,65+,Nathan Lee
C00822,Joshua,Jones,Davisburgh,1143502929,Waiter,1978-09-03,46,35-50,Joshua Jones
C00823,Brian,Montgomery,Port Ericland,7771148354,Waiter,1983-01-07,41,35-50,Brian Montgomery
C00824,Miguel,Melendez,Marvinton,6925948198,Pope,1940-09-24,84,65+,Miguel Melendez
C00825,Andrew,Sellers,South Lauratown,9688810165,Lifeguard,1984-03-02,40,35-50,Andrew Sellers
C00826,Lauren,Taylor,New Michael,6176003657,Postman,1975-01-14,49,35-50,Lauren Taylor
C00827,Christine,Montgomery,Lake Stephen,8918131746,Fireman,1989-09-12,35,25-35,Christine Montgomery
C00828,Amanda,Jones,Ryanfurt,6207870615,Surgeon,1993-11-09,31,25-35,Amanda Jones
C00829,Dorothy,Gutierrez,Murphybury,1915360052,Fireman,1951-04-17,73,65+,Dorothy Gutierrez
C00830,Thomas,Jones,West Barbara,3892711875,Detective,1949-04-06,75,65+,Thomas Jones
C00831,Antonio,Gilmore,North Ericfort,2811384958,Lunchroom supervisor,1996-01-24,28,25-35,Antonio Gilmore
C00832,Jeffery,Pitts,Michaelmouth,6836848475,Student,1949-05-18,75,65+,Jeffery Pitts
C00833,Luke,Williams,Gallowayview,1425583431,Gardener,1998-03-11,26,25-35,Luke Williams
C00834,Anthony,Frost,West Robertstad,9016392697,Nurse,1993-03-17,31,25-35,Anthony Frost
C00835,Lynn,Stevens,Brentstad,8346262998,Clown,1944-10-09,80,65+,Lynn Stevens
C00836,Brenda,Barton,New Saratown,244281531,Foreman,1926-12-19,98,65+,Brenda Barton
C00837,Tyler,Durham,Larsonbury,8858959798,Carpenter,1977-11-17,47,35-50,Tyler Durham
C00838,Madeline,Turner,Richardfurt,8931101808,Clown,1942-03-23,82,65+,Madeline Turner
C00839,David,Black,Johnsonville,4089784418,Electrician,1976-12-08,48,35-50,David Black
C00840,Andre,Frank,North Arthurview,3753566291,Train conductor,1965-12-06,59,50-65,Andre Frank
C00841,Anthony,Watson,East Williambury,8534415305,Dentist,1925-03-31,99,65+,Anthony Watson
C00842,Samuel,Weiss,West Ryan,1016124897,Singer,1936-12-30,88,65+,Samuel Weiss
C00843,Linda,Jordan,Port Amberchester,6297765156,Carpenter,1976-03-04,48,35-50,Linda Jordan
C00844,William,Johnson,Jeffreyburgh,5215949734,Professor,1995-11-17,29,25-35,William Johnson
C00845,Dennis,Griffin,Martinezview,380962141,Forest ranger,1963-06-29,61,50-65,Dennis Griffin
C00846,Bryan,Roberts,Sandersberg,3949687175,Gardener,1930-06-28,94,65+,Bryan Roberts
C00847,Barbara,Sutton,South Kristen,527666496,Lifeguard,1982-09-07,42,35-50,Barbara Sutton
C00848,David,Yates,Jonesbury,8781243741,Footballer,1948-06-12,76,65+,David Yates
C00849,Victoria,Vasquez,Rodriguezport,3179665847,Scientist,1988-02-08,36,35-50,Victoria Vasquez
C00850,Theresa,Kent,Paulfort,3608688981,American football player,1936-04-07,88,65+,Theresa Kent
C00851,Nicholas,Wilson,Pughside,8392479405,Salesman,1919-03-07,105,65+,Nicholas Wilson
C00852,Chase,Moore,Sarahmouth,9191693480,Boxer,1952-04-06,72,65+,Chase Moore
C00853,Gregory,Reyes,East Ericmouth,5060089695,Reporter,1958-08-02,66,65+,Gregory Reyes
C00854,Daniel,Mcgrath,Joyland,8085262039,Soldier,1943-07-11,81,65+,Daniel Mcgrath
C00855,Ian,Vincent,Hernandezmouth,5596997572,Pope,1920-07-27,104,65+,Ian Vincent
C00856,Henry,Barnes,Edwardtown,1209839749,Housekeeper,1971-10-02,53,50-65,Henry Barnes
C00857,Lucas,Logan,East Albert,5842576167,Builder,1947-05-02,77,65+,Lucas Logan
C00858,Rebecca,Caldwell,East Melissaville,2357865687,Police officer,1976-07-23,48,35-50,Rebecca Caldwell
C00859,Jillian,Wood,Port Christine,2296295341,Pilot,1980-06-15,44,35-50,Jillian Wood
C00860,Katelyn,Sanchez,Leechester,2024592079,Painter,1925-10-01,99,65+,Katelyn Sanchez
C00861,Kayla,Higgins,Lake Kenneth,3357513623,Forest ranger,1973-02-23,51,50-65,Kayla Higgins
C00862,Jay,Tucker,Lake Kathrynchester,3885827000,Fireman,1985-08-23,39,35-50,Jay Tucker
C00863,Jon,Taylor,North Christopher,8361872967,Forest ranger,1991-05-26,33,25-35,Jon Taylor
C00864,Vincent,Patterson,South Josephside,8872969149,Mechanic,1926-05-17,98,65+,Vincent Patterson
C00865,Scott,Rodgers,Sarahfurt,8117935881,Paramedic,1969-04-09,55,50-65,Scott Rodgers
C00866,Maria,Chandler,Ingramville,7809356736,Pope,1991-07-04,33,25-35,Maria Chandler
C00867,Ryan,Torres,Christopherfurt,2309848453,Journalist,1963-04-26,61,50-65,Ryan Torres
C00868,Traci,Higgins,Reeseview,2631109311,Salesman,1966-01-03,58,50-65,Traci Higgins
C00869,Deborah,Morris,New Stevenfort,577678466,American football player,1918-01-30,106,65+,Deborah Morris
C00870,Danielle,Parrish,Lauraton,4474949950,Footballer,1989-09-27,35,25-35,Danielle Parrish
C00871,Crystal,White,Ewingmouth,4861684340,Soldier,1992-10-07,32,25-35,Crystal White
C00872,Kimberly,Johnston,Hallmouth,7962162180,Boxer,1936-07-06,88,65+,Kimberly Johnston
C00873,Lori,Leblanc,Davisport,9134021568,Lunchroom supervisor,1925-06-23,99,65+,Lori Leblanc
C00874,Craig,Jones,Anthonyberg,3224254655,Foreman,1952-06-19,72,65+,Craig Jones
C00875,Robert,Fischer,Lawsonside,1949518149,Catholic nun,2001-04-22,23,Below 25,Robert Fischer
C00876,Aaron,Sherman,Lake Natalieburgh,953727771,Flight attendant,1928-03-01,96,65+,Aaron Sherman
C00877,Joseph,Foster,South Rodneytown,2489069485,Pilot,1958-10-14,66,65+,Joseph Foster
C00878,Alexa,Hunter,Thomasside,9180564632,American football player,1986-05-26,38,35-50,Alexa Hunter
C00879,Belinda,Alvarez,Millerburgh,2572585009,Builder,1976-04-04,48,35-50,Belinda Alvarez
C00880,Suzanne,Boyd,South Jeremyland,5532892895,Pope,1946-06-07,78,65+,Suzanne Boyd
C00881,Amy,Hanson,East Cameronbury,8298318914,Catholic nun,1963-09-07,61,50-65,Amy Hanson
C00882,Dylan,Blevins,Youngfurt,3072513688,Waiter,1949-05-26,75,65+,Dylan Blevins
C00883,Shawn,Wong,Lake Jessicaburgh,3113784051,Nurse,1928-06-27,96,65+,Shawn Wong
C00884,Alicia,Rhodes,East Aaronhaven,5708556641,Repairman,1925-12-09,99,65+,Alicia Rhodes
C00885,Jennifer,Terry,Cruztown,1304505528,Businessman,1994-07-17,30,25-35,Jennifer Terry
C00886,Lori,Gilbert,South Susanshire,6272162312,Librarian,1991-01-11,33,25-35,Lori Gilbert
C00887,John,Knight,North Danielbury,1785119234,Priest,1933-09-09,91,65+,John Knight
C00888,Patrick,Johnson,Carterport,8014826945,Magician,1937-04-08,87,65+,Patrick Johnson
C00889,Scott,Gordon,East Curtis,6028466135,Pope,1993-05-28,31,25-35,Scott Gordon
C00890,Julie,Lucas,New Amber,3475348665,Engineer,1914-05-30,110,65+,Julie Lucas
C00891,Patricia,Young,Lawrenceberg,8455413354,Businessman,1970-03-25,54,50-65,Patricia Young
C00892,Robin,Taylor,Francisborough,3068081899,Fireman,2004-05-03,20,Below 25,Robin Taylor
C00893,Ashley,Williams,Patriciaton,6347241040,Lifeguard,1929-12-18,95,65+,Ashley Williams
C00894,Margaret,Herrera,South Ryanfurt,2134298247,Paramedic,1984-11-12,40,35-50,Margaret Herrera
C00895,Chad,Nguyen,Angelport,5690014616,Electrician,1999-07-02,25,Below 25,Chad Nguyen
C00896,Kelly,Garza,Hinesmouth,2404341126,Soldier,1922-07-13,102,65+,Kelly Garza
C00897,Veronica,White,Hillberg,296500846,Photographer,1991-02-16,33,25-35,Veronica White
C00898,Jacob,Morgan,Kaylahaven,6543636484,Clown,1929-04-16,95,65+,Jacob Morgan
C00899,Tonya,Riley,Gardnerton,1227527151,Boxer,1970-08-02,54,50-65,Tonya Riley
C00900,Christopher,Cox,Robertburgh,2368765251,Train conductor,2001-09-19,23,Below 25,Christopher Cox
C00901,Larry,Cooper,New Sarahburgh,702111527,Clown,1955-06-02,69,65+,Larry Cooper
C00902,Jason,Hudson,Penachester,5039160820,Singer,1967-07-13,57,50-65,Jason Hudson
C00903,Edward,Nash,Lake Jacob,8263871651,Footballer,1951-01-26,73,65+,Edward Nash
C00904,Elizabeth,Campbell,Wilcoxmouth,9542534115,Postman,1971-07-25,53,50-65,Elizabeth Campbell
C00905,Nancy,Hughes,West Christophermouth,7375456795,Salesman,1962-03-15,62,50-65,Nancy Hughes
C00906,Michael,Ross,North Sandrafort,9085593671,Cameraman,1930-04-11,94,65+,Michael Ross
C00907,John,Mahoney,West Henrybury,1000767789,Farmer,2001-10-28,23,Below 25,John Mahoney
C00908,Katie,Vega,Jacksonmouth,7127334020,Mechanic,1921-07-30,103,65+,Katie Vega
C00909,Kelly,Small,Herrerafort,8942079668,Surgeon,1926-12-09,98,65+,Kelly Small
C00910,Tina,Proctor,Davidfurt,2320985599,Doorman,1991-05-04,33,25-35,Tina Proctor
C00911,John,Moses,South Gary,9364966143,Pope,1924-04-11,100,65+,John Moses
C00912,David,Mendoza,East Davidberg,5685013326,Doctor,1961-03-05,63,50-65,David Mendoza
C00913,Katie,Keller,Bellside,2283474227,American football player,1935-02-07,89,65+,Katie Keller
C00914,Rodney,George,Port Brian,7086601524,Boxer,1927-08-11,97,65+,Rodney George
C00915,Shane,Torres,West Matthewfort,790022069,Electrician,1957-02-17,67,65+,Shane Torres
C00916,Jeff,Patel,Sharpborough,3336267813,Scientist,1969-12-27,55,50-65,Jeff Patel
C00917,Robin,Mueller,Port Kristenburgh,6201987598,Lunchroom supervisor,2004-09-29,20,Below 25,Robin Mueller
C00918,Kyle,Gonzalez,Lindsayland,3749993801,Detective,1993-04-09,31,25-35,Kyle Gonzalez
C00919,Devin,Bray,South Brooketon,7459290839,Paramedic,1963-01-07,61,50-65,Devin Bray
C00920,Chad,Walker,Flynnmouth,931557499,Geisha,1996-10-20,28,25-35,Chad Walker
C00921,Adrienne,Lee,East Sarah,8027658706,Housekeeper,1994-03-08,30,25-35,Adrienne Lee
C00922,Julia,Schroeder,Benjaminshire,4638441100,Journalist,1993-09-27,31,25-35,Julia Schroeder
C00923,Michael,Brown,North Stephenmouth,1760261855,Train conductor,2004-02-18,20,Below 25,Michael Brown
C00924,Paul,Mendoza,Mitchellstad,9074613684,Singer,1983-06-13,41,35-50,Paul Mendoza
C00925,Matthew,Brown,East Caroline,1347670727,Mechanic,2002-07-16,22,Below 25,Matthew Brown
C00926,Raymond,Hutchinson,New Tinaport,3823662231,Businessman,2003-04-28,21,Below 25,Raymond Hutchinson
C00927,Timothy,Cooper,East Melissabury,123173462,Doorman,1975-12-18,49,35-50,Timothy Cooper
C00928,Patrick,Fowler,Lake Kyleshire,3289723827,Fireman,1988-07-05,36,35-50,Patrick Fowler
C00929,Matthew,Padilla,Alejandroshire,5891174790,Police officer,1975-02-25,49,35-50,Matthew Padilla
C00930,Lauren,Scott,Anthonyside,7090177203,Student,1942-12-28,82,65+,Lauren Scott
C00931,Kelsey,Carter,Javierview,7902377040,Builder,1940-05-22,84,65+,Kelsey Carter
C00932,Katherine,Sanchez,East Noahshire,3259904163,Paramedic,1957-05-27,67,65+,Katherine Sanchez
C00933,Eduardo,Williams,North Seanfurt,8564229979,Nurse,1937-10-21,87,65+,Eduardo Williams
C00934,Angela,Pollard,Joelborough,8015235657,Lifeguard,1975-05-12,49,35-50,Angela Pollard
C00935,Emily,Smith,South Jason,6136349495,Waiter,1964-07-06,60,50-65,Emily Smith
C00936,Jonathan,Thompson,West Johnnyberg,1953449276,Cameraman,1929-09-12,95,65+,Jonathan Thompson
C00937,Heather,Curry,West Tyler,5260031305,American football player,2003-03-14,21,Below 25,Heather Curry
C00938,Loretta,Williams,East John,5843982906,Businessman,1988-01-10,36,35-50,Loretta Williams
C00939,Jeremy,Alvarez,East Destiny,4279925499,Doorman,1934-03-04,90,65+,Jeremy Alvarez
C00940,James,Clay,Smithborough,5381189558,Professor,1968-12-20,56,50-65,James Clay
C00941,Richard,Callahan,East Austin,298581512,Mechanic,1929-02-08,95,65+,Richard Callahan
C00942,Richard,Campbell,Port Christine,4881095171,Foreman,1913-03-09,111,65+,Richard Campbell
C00943,Philip,Guerrero,Jonesbury,7118697028,Geisha,1956-12-11,68,65+,Philip Guerrero
C00944,Sarah,Garcia,North James,6765324892,Journalist,1988-06-03,36,35-50,Sarah Garcia
C00945,Mary,Rodriguez,East Scott,1795039790,Gardener,1978-09-02,46,35-50,Mary Rodriguez
C00946,Michelle,Lee,Lake Stacy,8732071657,Electrician,1983-07-12,41,35-50,Michelle Lee
C00947,Darius,Burns,Port Natashaview,8930451370,Businessman,1954-04-09,70,65+,Darius Burns
C00948,Allen,Contreras,New Jonathanborough,3453114999,Foreman,1953-11-19,71,65+,Allen Contreras
C00949,Tanner,Harris,Jacobfurt,6070766052,Builder,1929-04-01,95,65+,Tanner Harris
C00950,Brenda,Ramirez,Cummingsfort,4342036418,Farmer,1948-04-04,76,65+,Brenda Ramirez
C00951,Stephanie,Adams,Andersonport,8026312760,Forest ranger,2000-09-08,24,Below 25,Stephanie Adams
C00952,Derek,Carrillo,West Cynthia,1990749065,Electrician,1993-07-26,31,25-35,Derek Carrillo
C00953,Christopher,Thomas,New Phillipport,2815605838,Diver,1973-02-21,51,50-65,Christopher Thomas
C00954,David,Young,Riversberg,616941466,American football player,1947-06-06,77,65+,David Young
C00955,Amy,Sanchez,Lake Tyrone,6987000423,Detective,1955-07-08,69,65+,Amy Sanchez
C00956,Daniel,Gonzales,Kiddshire,5293244928,Foreman,1940-10-05,84,65+,Daniel Gonzales
C00957,Kayla,Taylor,Holmesshire,3178955972,Soldier,1939-06-04,85,65+,Kayla Taylor
C00958,Tonya,Knight,Port Scottton,9944370866,Painter,2001-07-12,23,Below 25,Tonya Knight
C00959,Brenda,Turner,Carrilloton,3676322698,Geisha,1977-07-18,47,35-50,Brenda Turner
C00960,Matthew,Smith,Amberberg,8005475288,Journalist,1947-07-16,77,65+,Matthew Smith
C00961,Thomas,Stevens,West Sandraburgh,6114600817,Magician,1950-03-22,74,65+,Thomas Stevens
C00962,Carl,Miller,Davidville,6143656433,Doorman,1931-10-08,93,65+,Carl Miller
C00963,Kenneth,Alvarez,Hernandezstad,5922168246,Flight attendant,1955-11-10,69,65+,Kenneth Alvarez
C00964,Nathan,Woods,East Virginia,5126616991,Photographer,1927-10-20,97,65+,Nathan Woods
C00965,Chelsea,Mcclure,Adrianview,4490876079,Detective,1930-07-13,94,65+,Chelsea Mcclure
C00966,Teresa,Ferrell,Lake Rebekah,6767577685,Foreman,1964-07-03,60,50-65,Teresa Ferrell
C00967,Lynn,Christian,West Denise,8580527356,Gardener,1983-03-26,41,35-50,Lynn Christian
C00968,Amy,Bender,Hickstown,8118508451,Construction worker,1994-10-31,30,25-35,Amy Bender
C00969,John,Johnson,North Michael,9269686010,Electrician,1923-08-11,101,65+,John Johnson
C00970,Mary,Parker,Lake Paige,4863291913,Diver,1920-12-28,104,65+,Mary Parker
C00971,Justin,Riley,West Markmouth,3963583780,Secretary,1942-08-19,82,65+,Justin Riley
C00972,Andrew,Patterson,Whiteland,2866601033,Train conductor,1932-05-30,92,65+,Andrew Patterson
C00973,Selena,Wilson,Stefaniefort,1023620914,Flight attendant,1959-07-13,65,50-65,Selena Wilson
C00974,Jordan,Blair,Phamhaven,6605181613,Businessman,1942-04-27,82,65+,Jordan Blair
C00975,Laurie,Mendoza,Grahamshire,4535299591,Flight attendant,2001-04-02,23,Below 25,Laurie Mendoza
C00976,Samantha,Sloan,North Kimberly,484672769,Foreman,1940-12-30,84,65+,Samantha Sloan
C00977,Danielle,Robles,East Lisamouth,5377907317,Forest ranger,1940-07-31,84,65+,Danielle Robles
C00978,Jacob,Rosario,Lake Lydiaside,7292540021,Businessman,1991-09-08,33,25-35,Jacob Rosario
C00979,Jeremy,Jackson,Michaelberg,986895659,Forest ranger,1932-01-26,92,65+,Jeremy Jackson
C00980,Meghan,Young,West Mindymouth,5607807410,Builder,1970-11-15,54,50-65,Meghan Young
C00981,Matthew,Perez,North Nicole,2355911423,Doctor,1988-07-13,36,35-50,Matthew Perez
C00982,Thomas,Garcia,Port Paulview,3479668049,Librarian,1944-02-28,80,65+,Thomas Garcia
C00983,Brandon,Ferguson,New Sarahmouth,3063688514,Businessman,1982-10-11,42,35-50,Brandon Ferguson
C00984,Cameron,Wagner,Sharonstad,5783860901,Flight attendant,1966-02-12,58,50-65,Cameron Wagner
C00985,Dawn,Galloway,Julieport,2721697301,Journalist,1973-11-10,51,50-65,Dawn Galloway
C00986,Richard,Carr,West Amandamouth,5422723113,Paramedic,1996-05-11,28,25-35,Richard Carr
C00987,Tina,Stewart,Michellefurt,2230937975,Carpenter,1987-08-01,37,35-50,Tina Stewart
C00988,Victor,Baird,Jonesville,3361350401,Carpenter,1961-06-11,63,50-65,Victor Baird
C00989,Jeremy,Brewer,Lloydbury,293308808,Student,1948-01-31,76,65+,Jeremy Brewer
C00990,Brenda,Young,Hannahmouth,9798835061,Electrician,1953-02-01,71,65+,Brenda Young
C00991,Ryan,Patrick,West Cheryl,2647393119,American football player,1929-12-24,95,65+,Ryan Patrick
C00992,Allison,Gay,East William,2849598486,Foreman,1923-07-07,101,65+,Allison Gay
C00993,Jeremy,Vaughn,West Gary,1934114923,Fireman,2001-06-21,23,Below 25,Jeremy Vaughn
C00994,Lisa,Fuller,Palmerstad,7113841850,Train conductor,1964-09-07,60,50-65,Lisa Fuller
C00995,Timothy,White,New Brianaburgh,7236953485,Priest,1979-02-22,45,35-50,Timothy White
C00996,Jorge,Harrison,Cooperview,1221968905,Paramedic,1937-07-29,87,65+,Jorge Harrison
C00997,Margaret,Lewis,Carrieville,3974819031,Surgeon,1993-02-12,31,25-35,Margaret Lewis
C00998,Jason,Jenkins,North Levistad,3155346038,Cameraman,1913-12-14,111,65+,Jason Jenkins
C00999,Peter,Durham,West Bryanfurt,5217332573,Fireman,1977-12-15,47,35-50,Peter Durham
C01000,Samuel,Rose,West Roberto,4333591470,Cameraman,1913-04-09,111,65+,Samuel Rose
C00001,Shannon,Smith,Fergusonview,3733907715,Doctor,1916-05-05,108,65+,Shannon Smith
C00002,Allison,Tucker,Bushton,6177263441,Businessman,1997-02-23,27,25-35,Allison Tucker
C00003,Charles,Hughes,West Victoria,179269028,Engineer,1960-09-19,64,50-65,Charles Hughes
C00004,Rebekah,Poole,Lake Michelletown,7791136109,Builder,1914-02-28,110,65+,Rebekah Poole
C00005,Joseph,Nichols,Bishopfurt,2463944112,Clown,1958-12-24,66,65+,Joseph Nichols
C00006,Edward,Johns,Rodriguezchester,3637556187,Pope,1954-08-20,70,65+,Edward Johns
C00007,Jonathan,Turner,Savannahmouth,7474106051,Forest ranger,1927-10-01,97,65+,Jonathan Turner
C00008,Diane,Hernandez,Coleberg,955407640,Librarian,1994-06-04,30,25-35,Diane Hernandez
C00009,Amy,Bush,Nathanville,6953075336,Fireman,1979-12-06,45,35-50,Amy Bush
C00010,Stephanie,Medina,Lauramouth,2985231516,Librarian,1934-06-04,90,65+,Stephanie Medina
C00011,Jessica,Hall,Port Tricia,770608927,Cameraman,1967-05-21,57,50-65,Jessica Hall
C00012,Molly,Kelley,Austinland,160274239,Cameraman,1935-03-07,89,65+,Molly Kelley
C00013,Brian,Contreras,Griffithport,2899652754,Footballer,1944-10-16,80,65+,Brian Contreras
C00014,Donald,Fields,Smithburgh,3504452275,Priest,1991-05-20,33,25-35,Donald Fields
C00015,Chad,Watts,Herrerashire,6617130352,American football player,1955-06-15,69,65+,Chad Watts
C00016,Christina,Huerta,Mariaberg,6324175040,Electrician,1914-04-14,110,65+,Christina Huerta
C00017,Paul,Shannon,South William,2009954964,Construction worker,1919-04-29,105,65+,Paul Shannon
C00018,Stephen,Ruiz,South Kimberly,4073519816,Pirate,1935-02-28,89,65+,Stephen Ruiz
C00019,Brittany,Wilkins,Shawnastad,6293673476,Singer,1942-12-28,82,65+,Brittany Wilkins
C00020,Larry,Mccarthy,Clarkburgh,1293812618,Singer,1988-07-18,36,35-50,Larry Mccarthy
C00021,Corey,Johnston,North Theresafurt,1320866088,Student,1941-10-18,83,65+,Corey Johnston
C00022,Eddie,Richards,West Susan,6771746450,Journalist,1976-10-12,48,35-50,Eddie Richards
C00023,Pam,Hess,Lake Catherinefurt,6965093485,Housewife,1946-11-05,78,65+,Pam Hess
C00024,Julian,Key,Hernandezchester,7746776706,Forest ranger,1930-08-14,94,65+,Julian Key
C00025,Amy,Grant,Devinfurt,7217497560,Fireman,1955-12-17,69,65+,Amy Grant
C00026,Amy,Cunningham,Lake Lynnside,718602315,Cameraman,1941-11-07,83,65+,Amy Cunningham
C00027,Jillian,Nelson,New Stacyberg,5532055428,Fireman,1923-06-06,101,65+,Jillian Nelson
C00028,Loretta,Chandler,Campbellside,6939925114,Boxer,1922-03-31,102,65+,Loretta Chandler
C00029,Daniel,Reed,Westmouth,470957297,Painter,1942-01-04,82,65+,Daniel Reed
C00030,Brian,Meyer,Alexachester,4924732356,Clown,1949-06-12,75,65+,Brian Meyer
C00031,Dennis,Chambers,Warrenberg,3871718282,Lunchroom supervisor,1985-04-04,39,35-50,Dennis Chambers
C00032,Monica,Shepard,Christopherland,601171067,Train conductor,1932-11-21,92,65+,Monica Shepard
C00033,Mary,Singh,South John,1462667239,Train conductor,1915-11-11,109,65+,Mary Singh
C00034,Robert,James,Port Oliviaport,7406665841,Professor,1935-01-23,89,65+,Robert James
C00035,Benjamin,Anderson,Michelleland,3818724066,Cameraman,1936-08-18,88,65+,Benjamin Anderson
C00036,Joel,Wolfe,East Amy,5913003468,Footballer,2000-01-10,24,Below 25,Joel Wolfe
C00037,Jasmine,Reeves,Lauraburgh,4237520096,Diver,1920-02-06,104,65+,Jasmine Reeves
C00038,Walter,Wilson,Port Robertfurt,6287015121,Doctor,1927-07-28,97,65+,Walter Wilson
C00039,Timothy,Rogers,Lake Steven,631553623,Builder,1998-05-03,26,25-35,Timothy Rogers
C00040,Marcus,Meyer,Lake Aarontown,5812954003,Catholic nun,1947-05-24,77,65+,Marcus Meyer
C00041,Renee,Vaughn,Benitezhaven,9552933188,Carpenter,1968-01-24,56,50-65,Renee Vaughn
C00042,Ronald,Klein,North Dawn,3024674808,Surgeon,1914-09-28,110,65+,Ronald Klein
C00043,Gabrielle,Smith,Port Matthewview,8539150478,Engineer,1954-12-06,70,65+,Gabrielle Smith
C00044,Jenna,Caldwell,Jacksonmouth,6119291715,Flight attendant,1977-01-01,47,35-50,Jenna Caldwell
C00045,Laura,Eaton,North Michaelville,9844121156,Nurse,1997-05-24,27,25-35,Laura Eaton
C00046,Mackenzie,Arnold,Wolfview,2661303782,Cameraman,1972-12-22,52,50-65,Mackenzie Arnold
C00047,Vincent,Clayton,Hernandezstad,3741031498,Boxer,1985-07-25,39,35-50,Vincent Clayton
C00048,Michael,Williams,New Garyfurt,882837072,Geisha,1928-11-04,96,65+,Michael Williams
C00049,Kathleen,Jordan,Lindsayton,7428209086,Secretary,1989-01-07,35,25-35,Kathleen Jordan
C00050,Theodore,Dennis,Michellestad,7678200239,Magician,1982-02-13,42,35-50,Theodore Dennis
C00051,Marie,Mccormick,Rodriguezfurt,9336314126,Engineer,1960-09-02,64,50-65,Marie Mccormick
C00052,David,Bowen,New Steven,3923164434,Housewife,1937-05-12,87,65+,David Bowen
C00053,Renee,Burns,East Jose,5276115620,Construction worker,1934-11-10,90,65+,Renee Burns
C00054,Linda,Olson,New Morgan,2981554173,Dentist,1955-06-09,69,65+,Linda Olson
C00055,Marcus,Jackson,Michaelfurt,3252513842,Construction worker,1969-03-18,55,50-65,Marcus Jackson
C00056,Robert,Gomez,Lake Pamelaland,3008022121,American football player,1947-01-02,77,65+,Robert Gomez
C00057,Travis,Curry,South Tanyastad,5352339780,Engineer,1982-10-30,42,35-50,Travis Curry
C00058,Joseph,Jimenez,Katherineshire,3953698326,Gardener,1974-07-02,50,35-50,Joseph Jimenez
C00059,Whitney,Ross,Hornechester,8711390547,Pilot,1966-06-22,58,50-65,Whitney Ross
C00060,David,Lambert,Lake Ashley,7035381332,Lifeguard,1913-09-17,111,65+,David Lambert
C00061,Teresa,Bernard,Gabrielamouth,9508124420,Repairman,1988-10-24,36,35-50,Teresa Bernard
C00062,Jennifer,Gutierrez,Pattersonton,6298167484,Secretary,1936-10-01,88,65+,Jennifer Gutierrez
C00063,Anthony,Baker,Smithborough,2456465745,Librarian,1934-10-09,90,65+,Anthony Baker
C00064,Cynthia,Brown,Port Lee,3549679409,Singer,2000-01-22,24,Below 25,Cynthia Brown
C00065,Cathy,Nelson,Carrillofort,1457919428,Repairman,1924-03-31,100,65+,Cathy Nelson
C00066,Eric,Price,West Amanda,337264744,Police officer,1931-02-27,93,65+,Eric Price
C00067,Alexis,Mills,Ashleymouth,844510757,Doorman,1954-05-29,70,65+,Alexis Mills
C00068,James,Ellis,Nicholasport,2806442591,Flight attendant,1935-05-07,89,65+,James Ellis
C00069,Rachel,Harris,Brownburgh,5884481439,Diver,1988-03-11,36,35-50,Rachel Harris
C00070,Sarah,Arnold,Omarborough,7254541869,Nurse,1953-10-19,71,65+,Sarah Arnold
C00071,Richard,Stephens,West Beverlyside,6696910317,Footballer,2003-03-15,21,Below 25,Richard Stephens
C00072,Joshua,Carlson,West Dana,5320856026,Diver,1992-07-22,32,25-35,Joshua Carlson
C00073,Hayley,Alvarado,West Kevinchester,7444160693,Professor,1979-01-23,45,35-50,Hayley Alvarado
C00074,William,Martinez,Tracitown,1284452553,Professor,1977-01-31,47,35-50,William Martinez
C00075,Joshua,Adams,North Stanley,9211217349,Housekeeper,1964-06-16,60,50-65,Joshua Adams
C00076,Ronald,Savage,Garytown,9471824452,Lifeguard,1929-12-19,95,65+,Ronald Savage
C00077,Donna,Turner,West Edward,9778937008,Cameraman,1951-11-29,73,65+,Donna Turner
C00078,Sandy,Ortiz,Willieport,6410732335,Housewife,1938-02-26,86,65+,Sandy Ortiz
C00079,Ariana,Cain,North Jimmy,1963655253,Businessman,1984-09-02,40,35-50,Ariana Cain
C00080,Angela,Odonnell,Santiagohaven,1883341337,Architect,2003-03-21,21,Below 25,Angela Odonnell
C00081,Thomas,Harmon,Patriciamouth,5441242611,Engineer,1947-06-05,77,65+,Thomas Harmon
C00082,Tyler,Andersen,Wilsonstad,2813213411,Foreman,1993-11-02,31,25-35,Tyler Andersen
C00083,Christina,Fletcher,Parkermouth,6455686771,Professor,1951-03-21,73,65+,Christina Fletcher
C00084,Michael,Garner,Lake Garyburgh,4697316473,Fireman,1919-02-06,105,65+,Michael Garner
C00085,Kelly,Johnson,Rachelberg,1869500367,Diver,1922-11-29,102,65+,Kelly Johnson
C00086,Amy,Smith,West Ashley,318108771,Forest ranger,1940-02-03,84,65+,Amy Smith
C00087,Maria,Johnson,Kathleenborough,4193740676,Student,1982-09-23,42,35-50,Maria Johnson
C00088,Regina,Dennis,Clarkburgh,478785491,Journalist,1959-03-07,65,50-65,Regina Dennis
C00089,Jessica,Rice,Hayesfort,7135518526,Journalist,1947-04-03,77,65+,Jessica Rice
C00090,Rebecca,Walker,Port David,6606095790,Housekeeper,1960-07-16,64,50-65,Rebecca Walker
C00091,Cody,Morse,South Michael,4666134933,Gardener,1955-12-14,69,65+,Cody Morse
C00092,Emily,Cole,Antoniochester,8208280911,Lunchroom supervisor,1995-01-22,29,25-35,Emily Cole
C00093,Tina,Moore,Ronnieberg,5101947306,Fireman,1956-10-10,68,65+,Tina Moore
C00094,Angel,Mosley,Medinabury,2447752307,Housekeeper,1934-04-19,90,65+,Angel Mosley
C00095,Amy,Trujillo,New Jadeville,5287259603,Magician,1919-10-12,105,65+,Amy Trujillo
C00096,Nicole,Flores,Mccarthyborough,9596407706,Surgeon,1926-04-08,98,65+,Nicole Flores
C00097,Amy,Hernandez,Jesusside,6636863165,Geisha,1929-01-11,95,65+,Amy Hernandez
C00098,Andrea,Higgins,South Justin,3196406528,Magician,1941-01-12,83,65+,Andrea Higgins
C00099,Peter,Cruz,Brandtmouth,3440457153,Detective,1977-11-03,47,35-50,Peter Cruz
C00100,William,Gillespie,New Christineside,1453568681,Secretary,1993-09-15,31,25-35,William Gillespie
C00101,Cassidy,Davis,West Jacob,4373759677,Journalist,1927-02-22,97,65+,Cassidy Davis
C00102,Austin,Stout,Lake Brian,2112251635,Electrician,1998-01-18,26,25-35,Austin Stout
C00103,Heather,Jackson,East Jameschester,5324642954,Waiter,1970-11-02,54,50-65,Heather Jackson
C00104,Carlos,Robles,East Christinatown,4004763788,Singer,1977-06-18,47,35-50,Carlos Robles
C00105,Shelley,Leonard,Evanshaven,1018348132,Cameraman,1942-12-13,82,65+,Shelley Leonard
C00106,Lisa,Morris,Theodoreville,4559690925,Clown,1948-04-23,76,65+,Lisa Morris
C00107,Heather,Martinez,Taylorstad,7450699380,Scientist,1999-08-13,25,Below 25,Heather Martinez
C00108,Dennis,Williams,Williamville,4929556444,Carpenter,1972-02-14,52,50-65,Dennis Williams
C00109,Emily,Clark,East Stephen,6118389404,Doorman,1937-05-27,87,65+,Emily Clark
C00110,Jeremy,Williams,North Sarahberg,5319597720,Nurse,1935-06-21,89,65+,Jeremy Williams
C00111,Nicholas,Richards,New April,5961549482,Magician,1949-05-18,75,65+,Nicholas Richards
C00112,Kimberly,Sanders,New Jeffrey,4109790919,Nurse,1955-11-23,69,65+,Kimberly Sanders
C00113,Debra,Adams,New Richard,1840077518,Architect,1922-08-14,102,65+,Debra Adams
C00114,Derrick,Barron,East Luis,7324175107,Builder,1913-09-06,111,65+,Derrick Barron
C00115,Jessica,Hart,Christopherside,3018449537,Engineer,1963-03-15,61,50-65,Jessica Hart
C00116,Edward,Farmer,East Tylerburgh,6143102522,Repairman,1935-08-19,89,65+,Edward Farmer
C00117,Connie,Chavez,Jonesfort,3114030534,Catholic nun,1971-07-01,53,50-65,Connie Chavez
C00118,Maria,Smith,East Brenda,9318466839,Scientist,1984-03-19,40,35-50,Maria Smith
C00119,Rose,Miller,Port Leestad,1222892544,Housekeeper,1928-08-07,96,65+,Rose Miller
C00120,Andrew,Woods,Ericview,6879781985,Lunchroom supervisor,1979-03-16,45,35-50,Andrew Woods
C00121,Jason,Wilson,Mooreton,8508351955,Surgeon,1942-06-26,82,65+,Jason Wilson
C00122,Kayla,Burton,Daviston,9711145161,Magician,1995-01-10,29,25-35,Kayla Burton
C00123,Ricky,Smith,Sandrachester,7126241839,Journalist,1981-01-23,43,35-50,Ricky Smith
C00124,Timothy,Combs,Lake Heidi,7867565170,Secretary,1951-07-15,73,65+,Timothy Combs
C00125,Holly,Ellison,Lake Maryfurt,8293918831,Priest,1949-04-12,75,65+,Holly Ellison
C00126,Michael,Hernandez,South Chelseaville,323723086,Farmer,1961-09-18,63,50-65,Michael Hernandez
C00127,Bonnie,Montgomery,Justinberg,2796529249,Photographer,1985-12-10,39,35-50,Bonnie Montgomery
C00128,Makayla,Edwards,West Brittneyton,2938410156,Reporter,1944-07-06,80,65+,Makayla Edwards
C00129,Cody,Rodriguez,Smithshire,1328844947,Salesman,1948-10-18,76,65+,Cody Rodriguez
C00130,Ronald,Garrison,Lake Timothyhaven,8478732272,Cameraman,1958-03-15,66,65+,Ronald Garrison
C00131,Catherine,Lewis,West Dorothy,207539196,Journalist,1925-06-30,99,65+,Catherine Lewis
C00132,Melissa,Thomas,Allisonburgh,6436390709,Dentist,1925-06-29,99,65+,Melissa Thomas
C00133,David,Hernandez,Lake Stephaniechester,455713296,Police officer,1953-03-01,71,65+,David Hernandez
C00134,Christopher,Warren,Tracyport,3257017393,Soldier,1954-10-22,70,65+,Christopher Warren
C00135,Clinton,Erickson,Scottmouth,7686743535,Singer,1936-07-27,88,65+,Clinton Erickson
C00136,Erica,Diaz,Port Brianstad,7524836307,Pirate,1995-07-30,29,25-35,Erica Diaz
C00137,Christina,Davenport,Parkermouth,3385879259,Architect,1940-03-28,84,65+,Christina Davenport
C00138,Holly,Ramsey,Jamesland,2672026385,Geisha,1985-04-03,39,35-50,Holly Ramsey
C00139,David,Myers,South Kristinside,8581497280,Boxer,1967-10-29,57,50-65,David Myers
C00140,William,Santos,East Travis,3510547854,Soldier,1973-10-27,51,50-65,William Santos
C00141,Heather,Hammond,Cortezfurt,4630688926,Soldier,1925-01-19,99,65+,Heather Hammond
C00142,Amy,Gutierrez,Angelastad,5270041481,Surgeon,1917-06-11,107,65+,Amy Gutierrez
C00143,Terri,Hanson,Josephside,5653586714,Professor,1933-05-01,91,65+,Terri Hanson
C00144,Sara,Hart,North Sarahmouth,5765192334,Librarian,1940-05-14,84,65+,Sara Hart
C00145,Stephen,Foster,Danafort,1850384911,Footballer,1942-12-04,82,65+,Stephen Foster
C00146,Angela,Patton,Phillipsville,4846002449,Gardener,1979-04-10,45,35-50,Angela Patton
C00147,Elizabeth,Garcia,Derrickborough,4826331582,Postman,1946-12-13,78,65+,Elizabeth Garcia
C00148,Mary,Henderson,Lake Davidfurt,9993395429,Housekeeper,1939-04-15,85,65+,Mary Henderson
C00149,Veronica,Williams,Sullivanfurt,7857976015,Farmer,1980-05-11,44,35-50,Veronica Williams
C00150,Richard,Robles,Haydenside,4781982654,Lifeguard,1987-04-18,37,35-50,Richard Robles
C00151,Joseph,Smith,South Kellychester,6415984296,Singer,1974-03-27,50,35-50,Joseph Smith
C00152,Cathy,Wright,Brianchester,3167099578,Boxer,1919-12-03,105,65+,Cathy Wright
C00153,Edward,Daugherty,New Stacy,50632005,Flight attendant,2002-08-02,22,Below 25,Edward Daugherty
C00154,Maurice,Griffin,Lake Eric,678615547,Postman,1987-09-16,37,35-50,Maurice Griffin
C00155,Javier,Love,New John,1407057316,Electrician,1930-11-12,94,65+,Javier Love
C00156,Raymond,Rasmussen,Alvarezberg,9078486732,Cameraman,1948-10-16,76,65+,Raymond Rasmussen
C00157,Linda,Moses,Robinsonchester,3015487883,Cameraman,1944-02-28,80,65+,Linda Moses
C00158,Amanda,Spencer,Lake Adrienne,5334977769,Electrician,1953-02-02,71,65+,Amanda Spencer
C00159,Carl,Clark,Arnoldbury,4041077874,Journalist,1935-01-01,89,65+,Carl Clark
C00160,Jason,Hall,Bautistabury,892680596,Train conductor,1931-10-12,93,65+,Jason Hall
C00161,Sherry,Thompson,Robbinsside,5011015412,Foreman,1941-10-05,83,65+,Sherry Thompson
C00162,Mark,Scott,Fergusonstad,5552627921,Train conductor,1985-08-30,39,35-50,Mark Scott
C00163,Joseph,French,New Christophershire,1890486259,Journalist,1990-12-27,34,25-35,Joseph French
C00164,Autumn,Butler,Grantmouth,3373534000,Forest ranger,1995-07-10,29,25-35,Autumn Butler
C00165,Tiffany,Davis,Turnerburgh,6915834383,Gardener,1913-06-02,111,65+,Tiffany Davis
C00166,Dennis,Rodriguez,Whitebury,4792792838,Gardener,2000-12-11,24,Below 25,Dennis Rodriguez
C00167,Andrew,Dunn,Floresfort,5269293231,Painter,1923-10-27,101,65+,Andrew Dunn
C00168,Melissa,Newton,Gabrielview,4688812565,Lifeguard,1949-09-13,75,65+,Melissa Newton
C00169,Kent,Massey,Lake Lindahaven,8907941247,Secretary,1964-05-04,60,50-65,Kent Massey
C00170,Brandon,Hill,North Alexandraville,7808088746,Magician,1951-09-15,73,65+,Brandon Hill
C00171,Charles,Guzman,East Mariashire,7356738075,American football player,2004-12-21,20,Below 25,Charles Guzman
C00172,Ronald,Leblanc,West Elizabeth,3555495987,Housewife,1965-04-21,59,50-65,Ronald Leblanc
C00173,Anthony,Hernandez,Johnsonshire,7037781201,Student,1941-02-26,83,65+,Anthony Hernandez
C00174,Paul,Jacobson,Lake Heather,9313055571,Magician,1998-11-11,26,25-35,Paul Jacobson
C00175,Oscar,Smith,Deniseport,2695926069,Journalist,1943-10-04,81,65+,Oscar Smith
C00176,Diane,Nelson,Burnsland,7668924576,Detective,1975-04-05,49,35-50,Diane Nelson
C00177,Jenna,Casey,Farmerstad,7377630021,Architect,1931-11-05,93,65+,Jenna Casey
C00178,Shawn,Michael,Port Hayleyhaven,6343146932,Dentist,1923-03-30,101,65+,Shawn Michael
C00179,Ryan,Patel,Nicoleborough,2002414080,Housekeeper,1982-05-31,42,35-50,Ryan Patel
C00180,Jonathan,Russell,West James,5227472314,Journalist,1933-05-27,91,65+,Jonathan Russell
C00181,Brian,Mcclure,North Julieview,8729749346,Professor,1966-11-07,58,50-65,Brian Mcclure
C00182,Stephanie,Mcdonald,New Michelle,8053523934,Carpenter,1931-06-11,93,65+,Stephanie Mcdonald
C00183,Brian,Miles,Katrinamouth,6097403382,Catholic nun,1934-09-19,90,65+,Brian Miles
C00184,Mary,Adams,South Leonard,1163340387,Engineer,2000-08-20,24,Below 25,Mary Adams
C00185,Vincent,Turner,Dawnland,988038732,Foreman,1981-12-10,43,35-50,Vincent Turner
C00186,Stacey,Martinez,Schultzburgh,9156517099,Pope,1918-01-21,106,65+,Stacey Martinez
C00187,Rhonda,Williams,South Mindy,8612037256,American football player,1993-10-07,31,25-35,Rhonda Williams
C00188,Wendy,Lopez,Port Keith,971463382,Student,2003-11-01,21,Below 25,Wendy Lopez
C00189,Shannon,Dixon,Port Samantha,6972640770,Journalist,1920-09-02,104,65+,Shannon Dixon
C00190,Andrew,Howard,Curtisbury,6253569101,Reporter,1950-06-30,74,65+,Andrew Howard
C00191,Sarah,Garcia,West Lisaview,2955789974,Catholic nun,1959-04-16,65,50-65,Sarah Garcia
C00192,Matthew,Alvarado,Montesberg,4167908225,Mechanic,1982-09-22,42,35-50,Matthew Alvarado
C00193,Christina,Higgins,South Daniel,9866410565,American football player,1957-03-30,67,65+,Christina Higgins
C00194,Larry,Odom,South Tamara,7647108469,Journalist,1990-07-16,34,25-35,Larry Odom
C00195,Sylvia,Brown,West Kaitlin,5055581774,Painter,1969-06-21,55,50-65,Sylvia Brown
C00196,Austin,Webb,Bradymouth,6175063321,Soldier,1935-02-03,89,65+,Austin Webb
C00197,Thomas,Perry,Port Staceybury,8000593218,Catholic nun,1971-03-20,53,50-65,Thomas Perry
C00198,Thomas,Stone,Davisstad,9388892633,Carpenter,1914-03-25,110,65+,Thomas Stone
C00199,Sheila,Holland,West Jasmine,1440737068,Scientist,1941-09-28,83,65+,Sheila Holland
C00200,Sheila,Schultz,Geraldburgh,914794627,Reporter,1995-12-14,29,25-35,Sheila Schultz
C00201,Edward,Wilson,Lake Mckenzie,248586151,Lunchroom supervisor,1931-06-08,93,65+,Edward Wilson
C00202,Abigail,Jones,North Harry,1043422048,Engineer,1941-10-01,83,65+,Abigail Jones
C00203,Jill,Montes,South Pamelafurt,9580520456,Geisha,1915-12-04,109,65+,Jill Montes
C00204,Daniel,Fleming,East Samuel,8613731320,Reporter,1968-05-06,56,50-65,Daniel Fleming
C00205,Angela,Miller,West Jennifer,7958075645,Builder,1988-04-10,36,35-50,Angela Miller
C00206,Brandi,Underwood,Craigbury,385659531,Clown,1919-08-14,105,65+,Brandi Underwood
C00207,Melissa,Sullivan,Lake Eric,768520337,Paramedic,2004-06-16,20,Below 25,Melissa Sullivan
C00208,Andrew,Maldonado,New Williamport,3629321006,Foreman,1929-10-10,95,65+,Andrew Maldonado
C00209,Leah,Campbell,South Christina,9135579171,Footballer,1932-09-21,92,65+,Leah Campbell
C00210,Courtney,Owens,West Jamie,232109116,Lifeguard,1974-05-10,50,35-50,Courtney Owens
C00211,Gregory,Meza,Markmouth,6689705860,Housewife,1981-09-13,43,35-50,Gregory Meza
C00212,Nathaniel,West,Lake Stephanie,7795388299,Lunchroom supervisor,1991-08-21,33,25-35,Nathaniel West
C00213,Amber,Williams,Port Andrewmouth,2934745817,Priest,1981-05-16,43,35-50,Amber Williams
C00214,Christina,Wyatt,Meadowsfurt,9731077517,Salesman,1949-11-26,75,65+,Christina Wyatt
C00215,Karen,Sanders,West Candice,3853481787,Nurse,1948-10-19,76,65+,Karen Sanders
C00216,Bridget,Glenn,Port Terri,5862526313,Doorman,1931-11-18,93,65+,Bridget Glenn
C00217,Stephanie,Gordon,Andrewsmouth,9601459447,Postman,1944-12-03,80,65+,Stephanie Gordon
C00218,Charles,Bell,Lake Adrianside,8472237567,Architect,1939-10-21,85,65+,Charles Bell
C00219,Miguel,Thomas,Georgemouth,1052650714,Singer,1926-03-03,98,65+,Miguel Thomas
C00220,Cody,Miller,New Jenny,8747562471,Dentist,1997-09-03,27,25-35,Cody Miller
C00221,Eddie,Marsh,New Jennifer,3907167491,Boxer,1931-03-31,93,65+,Eddie Marsh
C00222,Debra,Foster,Cameronside,9653993567,Salesman,1932-06-11,92,65+,Debra Foster
C00223,Randall,Brown,Grayfort,7415689173,Fireman,1957-08-12,67,65+,Randall Brown
C00224,Aaron,Zimmerman,South Christinetown,7603555753,Diver,1916-03-04,108,65+,Aaron Zimmerman
C00225,Megan,Pugh,Kaylamouth,1884568841,Detective,1966-05-01,58,50-65,Megan Pugh
C00226,Benjamin,Perkins,Willisside,7055112045,American football player,1914-12-28,110,65+,Benjamin Perkins
C00227,Kiara,Rush,South Michael,5612309946,Electrician,1985-07-25,39,35-50,Kiara Rush
C00228,Diamond,Townsend,East Melissafort,2477281930,Student,1945-04-29,79,65+,Diamond Townsend
C00229,Laura,Gonzales,Westshire,6665203359,Gardener,1974-11-05,50,35-50,Laura Gonzales
C00230,Gina,Johnson,East Elizabethport,5479777556,Builder,1945-10-20,79,65+,Gina Johnson
C00231,Melissa,Williams,South Thomasmouth,5598405777,Lunchroom supervisor,1938-06-14,86,65+,Melissa Williams
C00232,Nicolas,Clements,North Michelle,2249427450,Pirate,2001-01-16,23,Below 25,Nicolas Clements
C00233,Mary,Johnson,Johnsonhaven,1129281059,Pilot,1965-05-14,59,50-65,Mary Johnson
C00234,Cameron,Campbell,South Laura,2233144904,Train conductor,1953-09-02,71,65+,Cameron Campbell
C00235,Elizabeth,Bowen,East Brian,4684184694,American football player,1978-08-01,46,35-50,Elizabeth Bowen
C00236,Ann,Anderson,Jefferyborough,9184679193,Surgeon,1972-01-27,52,50-65,Ann Anderson
C00237,Dana,Taylor,North Douglas,45198443,Builder,1960-02-05,64,50-65,Dana Taylor
C00238,Kristen,Montoya,Christinahaven,9042999123,Doctor,1967-07-05,57,50-65,Kristen Montoya
C00239,Deborah,Ruiz,Seanborough,9431797477,Pope,1932-09-05,92,65+,Deborah Ruiz
C00240,Isabel,Arnold,Danielmouth,6732358693,Doctor,1954-04-26,70,65+,Isabel Arnold
C00241,Ryan,Hudson,Williamsborough,4733476110,Mechanic,1984-12-07,40,35-50,Ryan Hudson
C00242,John,Pitts,East Yesenia,5982200746,Painter,1962-11-26,62,50-65,John Pitts
C00243,April,Wheeler,North Jasonstad,9543100686,Painter,1986-11-12,38,35-50,April Wheeler
C00244,Daniel,Evans,Hectorborough,9296233269,Pirate,1913-08-08,111,65+,Daniel Evans
C00245,Amy,Ruiz,Sarahside,1148126990,Lunchroom supervisor,1913-10-03,111,65+,Amy Ruiz
C00246,James,Miller,Hollybury,426496772,Doorman,1992-08-15,32,25-35,James Miller
C00247,Mark,Vasquez,Rosalesfort,4872108224,Train conductor,2003-11-19,21,Below 25,Mark Vasquez
C00248,Frank,Lynch,New Regina,8398269934,Postman,1935-04-04,89,65+,Frank Lynch
C00249,Tom,Schaefer,Patelshire,7542098790,Builder,1971-06-11,53,50-65,Tom Schaefer
C00250,Tanya,Wilson,Lake Joann,7451647542,Businessman,1955-08-26,69,65+,Tanya Wilson
C00251,Kyle,Norman,Barrerahaven,4397488011,Housewife,1994-02-09,30,25-35,Kyle Norman
C00252,Justin,Bartlett,Allenchester,8440805281,Housewife,1989-12-24,35,25-35,Justin Bartlett
C00253,Michelle,Hill,Kennethfort,1030881637,Nurse,1965-08-12,59,50-65,Michelle Hill
C00254,Robert,Velazquez,North Zoefort,5173716621,Postman,1949-01-13,75,65+,Robert Velazquez
C00255,Jennifer,Vasquez,East Brittanyshire,3262569184,Lunchroom supervisor,1951-03-25,73,65+,Jennifer Vasquez
C00256,Victor,Duncan,Jamietown,2758839155,Footballer,1955-12-22,69,65+,Victor Duncan
C00257,Maria,Palmer,Lake Nathan,7640671736,Detective,1924-03-01,100,65+,Maria Palmer
C00258,Brenda,Wells,Kellistad,4264916899,Diver,1931-11-21,93,65+,Brenda Wells
C00259,Cody,Russell,Petersonfurt,7109022799,Singer,2000-08-07,24,Below 25,Cody Russell
C00260,Kathryn,Frost,New Edwardberg,5530002305,Geisha,1996-04-01,28,25-35,Kathryn Frost
C00261,Tonya,Paul,Johnmouth,1357768160,Singer,1951-08-22,73,65+,Tonya Paul
C00262,Kelly,Mathews,Christianfurt,6050111311,Mechanic,1960-09-10,64,50-65,Kelly Mathews
C00263,Meghan,Collins,Ashleymouth,1141642530,Nurse,1998-12-19,26,25-35,Meghan Collins
C00264,Christine,Kline,Amandatown,4973105719,Journalist,1923-10-04,101,65+,Christine Kline
C00265,Michelle,Buckley,East Craig,6688079632,Fireman,1970-11-11,54,50-65,Michelle Buckley
C00266,John,Foley,Robinsonmouth,8058144867,Fireman,1970-08-12,54,50-65,John Foley
C00267,Daniel,Simpson,Kyleville,3518045282,Footballer,1913-10-27,111,65+,Daniel Simpson
C00268,Rita,Walters,Ryanmouth,7691495500,Builder,1929-01-14,95,65+,Rita Walters
C00269,Fred,Stone,East Kathleen,4234804962,Postman,1924-06-22,100,65+,Fred Stone
C00270,Susan,Young,Youngchester,5331312880,Painter,1983-10-08,41,35-50,Susan Young
C00271,Ruth,Perez,Lake Lindaberg,2951502739,Geisha,1965-12-23,59,50-65,Ruth Perez
C00272,Veronica,Keith,Jeremyville,4498312841,Doorman,2001-09-11,23,Below 25,Veronica Keith
C00273,Kevin,Donovan,Barnestown,532571130,Housewife,1999-04-29,25,Below 25,Kevin Donovan
C00274,Donald,Peterson,Port Leah,8968770597,Student,1988-08-10,36,35-50,Donald Peterson
C00275,Jason,Davis,Lake Kenneth,6586454803,Pilot,1982-04-28,42,35-50,Jason Davis
C00276,Aaron,Rogers,Rebeccamouth,1191097609,Lunchroom supervisor,1981-06-30,43,35-50,Aaron Rogers
C00277,Karen,Huynh,North Raymondhaven,8365995574,Architect,1936-12-29,88,65+,Karen Huynh
C00278,Janet,Jones,Elizabethside,2729508216,Gardener,1912-10-18,112,65+,Janet Jones
C00279,Lisa,Faulkner,Gallowayfurt,3430720590,Secretary,1976-07-22,48,35-50,Lisa Faulkner
C00280,Brian,Miller,Thompsonport,2356453352,Fireman,1968-07-19,56,50-65,Brian Miller
C00281,Melissa,Moon,Port Meganland,4320143173,Surgeon,1928-08-10,96,65+,Melissa Moon
C00282,Barbara,Kelley,Wendyburgh,9096953168,Detective,1994-06-03,30,25-35,Barbara Kelley
C00283,Shawn,Ball,West Guyport,7054229386,Dentist,1947-12-02,77,65+,Shawn Ball
C00284,John,Mcknight,Courtneyhaven,6184565763,Cameraman,1928-05-19,96,65+,John Mcknight
C00285,Timothy,Kent,Bookerhaven,4708941606,Journalist,1973-12-05,51,50-65,Timothy Kent
C00286,Marie,Miller,North Monicatown,5536667501,Gardener,1964-04-12,60,50-65,Marie Miller
C00287,Matthew,Jordan,New Randyfort,362633169,Reporter,1931-09-19,93,65+,Matthew Jordan
C00288,Connor,Moreno,Dianafort,9877582327,Police officer,1976-07-13,48,35-50,Connor Moreno
C00289,Connie,Malone,West Kelly,5269121123,Reporter,1969-09-29,55,50-65,Connie Malone
C00290,Ronald,Anderson,New Jenniferview,8381252620,Pirate,1952-05-24,72,65+,Ronald Anderson
C00291,David,Gonzales,West Tiffanychester,9536248039,Secretary,1936-07-06,88,65+,David Gonzales
C00292,Judith,Ramirez,New Sarahberg,6218859102,Repairman,1996-08-31,28,25-35,Judith Ramirez
C00293,Penny,Bell,Lawrencestad,8002375232,Doorman,1977-04-03,47,35-50,Penny Bell
C00294,Sarah,Blevins,Port Alison,250403220,Doctor,1986-11-05,38,35-50,Sarah Blevins
C00295,Sharon,Morton,Ramseyberg,6739326830,Lifeguard,1962-02-28,62,50-65,Sharon Morton
C00296,Mary,Schultz,Wilkersonfort,5936720420,Flight attendant,1917-01-01,107,65+,Mary Schultz
C00297,Erin,Taylor,East Julia,3989704082,Lifeguard,1937-01-29,87,65+,Erin Taylor
C00298,Caleb,Robertson,Robertton,9392701879,Mechanic,1967-07-18,57,50-65,Caleb Robertson
C00299,Mark,Hayes,West Jeremyburgh,2087608001,Architect,2003-12-07,21,Below 25,Mark Hayes
C00300,Marcus,Mcpherson,Lake John,9937112708,Librarian,1966-01-03,58,50-65,Marcus Mcpherson
C00301,Lisa,Knox,Baxterside,6760489292,Fireman,1994-08-18,30,25-35,Lisa Knox
C00302,Dustin,Anderson,New Daniellebury,3915362835,Surgeon,1958-01-28,66,65+,Dustin Anderson
C00303,Jennifer,Parker,Seanstad,47082310,Clown,1971-04-01,53,50-65,Jennifer Parker
C00304,Teresa,Rivera,East Joseph,4903850473,Salesman,1960-07-05,64,50-65,Teresa Rivera
C00305,Nathan,Jackson,Marcusland,220629241,Nurse,1962-04-22,62,50-65,Nathan Jackson
C00306,Jody,Edwards,Philipton,9562481778,Train conductor,1938-10-08,86,65+,Jody Edwards
C00307,April,Rogers,Cassandramouth,3149157050,Geisha,1962-05-02,62,50-65,April Rogers
C00308,Jennifer,Price,Port Angel,6506738772,Engineer,1950-12-27,74,65+,Jennifer Price
C00309,Kara,Juarez,Donnaview,6764892713,Reporter,1924-09-07,100,65+,Kara Juarez
C00310,Stephen,Adkins,Jerryport,8420772056,Singer,1929-04-13,95,65+,Stephen Adkins
C00311,Jorge,Burton,New Tonytown,6318823301,Photographer,1967-10-30,57,50-65,Jorge Burton
C00312,Jasmine,Valentine,Dennisland,1444514084,Pope,1999-05-02,25,Below 25,Jasmine Valentine
C00313,Melissa,Herrera,Port Brian,9264849376,Dentist,1926-03-19,98,65+,Melissa Herrera
C00314,Mikayla,Mann,Port Benjamin,4652835682,Construction worker,1960-01-05,64,50-65,Mikayla Mann
C00315,Nathan,Weber,Garciahaven,4309769607,Repairman,1992-04-03,32,25-35,Nathan Weber
C00316,John,Williams,Williamsfurt,3411666666,Photographer,1972-04-23,52,50-65,John Williams
C00317,Lisa,Gill,Mcconnellfurt,4837359866,Doorman,1964-07-31,60,50-65,Lisa Gill
C00318,Diane,Luna,West Matthew,2728436383,Doctor,1985-07-25,39,35-50,Diane Luna
C00319,Alison,Hicks,Cindyview,9453816676,Lunchroom supervisor,2005-06-19,19,Below 25,Alison Hicks
C00320,Jeffrey,Lamb,East Yolandamouth,2315976562,Soldier,1935-04-20,89,65+,Jeffrey Lamb
C00321,Diane,Murphy,Hugheston,1857333604,Flight attendant,2004-08-31,20,Below 25,Diane Murphy
C00322,Hannah,Erickson,New Gregborough,2173852937,Carpenter,1946-11-11,78,65+,Hannah Erickson
C00323,Jamie,Crawford,Martinfurt,5986426725,Singer,1958-06-21,66,65+,Jamie Crawford
C00324,Gary,Lee,New Debrahaven,7437258676,Detective,1991-09-19,33,25-35,Gary Lee
C00325,Heidi,Wilson,Port Jamesmouth,8147214000,Reporter,1946-01-22,78,65+,Heidi Wilson
C00326,Elizabeth,Wilson,Sandersville,854140891,Lunchroom supervisor,1925-05-27,99,65+,Elizabeth Wilson
C00327,Andre,Tyler,Hallport,8663319055,Doorman,1973-09-07,51,50-65,Andre Tyler
C00328,Kelly,Sutton,Reynoldsland,2508987568,Nurse,1995-01-27,29,25-35,Kelly Sutton
C00329,Henry,Harrison,North Amy,2752090905,Doctor,2003-05-14,21,Below 25,Henry Harrison
C00330,Jonathan,Sanchez,North Mary,2589133138,Businessman,2001-09-11,23,Below 25,Jonathan Sanchez
C00331,Carolyn,Reed,East Carla,2250410708,Engineer,1952-02-10,72,65+,Carolyn Reed
C00332,Joshua,Burns,South Andreport,2160675459,Fireman,1997-08-05,27,25-35,Joshua Burns
C00333,Sheila,Carroll,Johnsonborough,8656469067,Dentist,1963-01-17,61,50-65,Sheila Carroll
C00334,Cheryl,Frost,West Mary,5949732276,Priest,1913-04-12,111,65+,Cheryl Frost
C00335,Darlene,Fuller,Deannaview,5165967183,Electrician,1915-08-05,109,65+,Darlene Fuller
C00336,Lonnie,Crane,Theresaside,8610367423,Doorman,1919-01-02,105,65+,Lonnie Crane
C00337,Michelle,Gardner,Kaitlynton,1743117129,Lunchroom supervisor,1988-10-05,36,35-50,Michelle Gardner
C00338,Carla,Bowers,Williamsborough,8154253883,Surgeon,1936-05-29,88,65+,Carla Bowers
C00339,Elizabeth,Moreno,New Gregshire,5131365500,Fireman,1918-10-02,106,65+,Elizabeth Moreno
C00340,Amy,Thomas,Gutierrezport,8738855519,Housekeeper,1940-03-21,84,65+,Amy Thomas
C00341,Jacob,Evans,Lake Roberthaven,2774460175,Footballer,1988-11-14,36,35-50,Jacob Evans
C00342,Jade,Romero,Port Carlaberg,3117209813,Lifeguard,1955-05-30,69,65+,Jade Romero
C00343,Carla,Wilson,Hoffmantown,2308022085,Housekeeper,1986-02-23,38,35-50,Carla Wilson
C00344,Dawn,Robinson,Port Christine,2207101961,Doctor,2003-01-27,21,Below 25,Dawn Robinson
C00345,Curtis,Gibbs,Smithland,7704310574,Architect,1947-05-01,77,65+,Curtis Gibbs
C00346,Paul,Yu,West Kellyton,164414454,Mechanic,1995-04-10,29,25-35,Paul Yu
C00347,Christopher,Lewis,Vincenthaven,8230289521,Businessman,1998-01-29,26,25-35,Christopher Lewis
C00348,Xavier,Watson,Baileyland,3296205118,Librarian,2004-11-18,20,Below 25,Xavier Watson
C00349,Paul,Castro,East Joseph,5698187316,Builder,1969-08-20,55,50-65,Paul Castro
C00350,Victoria,Brown,Jonesmouth,783957948,Pilot,1967-05-12,57,50-65,Victoria Brown
C00351,Madison,Espinoza,North Steveshire,8029881048,American football player,1964-07-23,60,50-65,Madison Espinoza
C00352,David,Wilson,North Scott,517053386,Student,1922-08-01,102,65+,David Wilson
C00353,Shelly,Rogers,Port Valerieport,8896832992,Housekeeper,1925-10-04,99,65+,Shelly Rogers
C00354,Sergio,Zuniga,Eileenburgh,3879893164,Housekeeper,1987-09-28,37,35-50,Sergio Zuniga
C00355,Charlotte,Baker,Hodgesshire,6959941522,Train conductor,1982-03-24,42,35-50,Charlotte Baker
C00356,Patricia,Russell,Evansfort,7072982179,Farmer,1945-08-09,79,65+,Patricia Russell
C00357,James,Thomas,Lake Michellebury,4054986135,Soldier,1935-05-17,89,65+,James Thomas
C00358,Stephanie,Curtis,Halehaven,5627137960,Diver,1992-04-24,32,25-35,Stephanie Curtis
C00359,Jay,Keller,South Jack,1197637295,Pilot,1914-03-01,110,65+,Jay Keller
C00360,Brandi,Richards,Jasonland,4213503357,Professor,1971-12-11,53,50-65,Brandi Richards
C00361,Adam,Valdez,New Lisa,6300028972,Secretary,1953-05-04,71,65+,Adam Valdez
C00362,Joyce,Rivera,Ryanberg,2961312389,Housewife,1980-08-08,44,35-50,Joyce Rivera
C00363,Nichole,May,North Troyfurt,3511063335,Painter,1916-08-29,108,65+,Nichole May
C00364,Cassandra,Curtis,North Kathyland,7687434166,Paramedic,1916-05-19,108,65+,Cassandra Curtis
C00365,Donald,Martinez,New Christopher,7923559230,Architect,1938-12-24,86,65+,Donald Martinez
C00366,Jenna,Miller,Kellyburgh,8587943264,Nurse,1963-08-08,61,50-65,Jenna Miller
C00367,William,Carson,New Kelsey,1373796429,Professor,1925-04-06,99,65+,William Carson
C00368,Elizabeth,Morris,East Michellefort,5291965847,Detective,1927-05-14,97,65+,Elizabeth Morris
C00369,Jeffrey,Guzman,Port Kevinmouth,3434147490,Police officer,1996-07-31,28,25-35,Jeffrey Guzman
C00370,Courtney,Ray,Robertsborough,6408238310,Foreman,1984-02-19,40,35-50,Courtney Ray
C00371,Catherine,Johnson,Gibbstown,2699412912,Boxer,1964-05-06,60,50-65,Catherine Johnson
C00372,Donald,Phillips,Lake Brianport,6649131665,Dentist,1969-07-31,55,50-65,Donald Phillips
C00373,Patricia,Padilla,West Colleenshire,296668706,Lifeguard,1999-11-23,25,Below 25,Patricia Padilla
C00374,Jasmine,Jackson,New Nicholas,7214915468,Carpenter,1993-03-19,31,25-35,Jasmine Jackson
C00375,Cole,Buck,South Derek,1479423474,Secretary,1982-04-07,42,35-50,Cole Buck
C00376,Robert,Bruce,Rivaston,5472582974,Nurse,1988-03-06,36,35-50,Robert Bruce
C00377,Andrew,Ware,Marcmouth,9159105874,Painter,1981-04-01,43,35-50,Andrew Ware
C00378,Mark,Hawkins,Port Christophermouth,4555256739,Pope,1940-02-20,84,65+,Mark Hawkins
C00379,Jacqueline,Allen,Gloriabury,8554074682,Engineer,1940-03-18,84,65+,Jacqueline Allen
C00380,Dominique,Sullivan,Johnfurt,4510094881,Geisha,1971-09-06,53,50-65,Dominique Sullivan
C00381,Christopher,Roy,South Dana,7712511689,Diver,1983-04-28,41,35-50,Christopher Roy
C00382,Ashley,Hill,New Joannaview,9007494475,Lifeguard,2001-03-25,23,Below 25,Ashley Hill
C00383,Shawn,Barrett,New William,9507165221,Cameraman,1918-03-06,106,65+,Shawn Barrett
C00384,Michael,Gardner,North Megan,6670558215,Geisha,1998-08-07,26,25-35,Michael Gardner
C00385,Michael,Ellis,Port Marciafort,8903431371,Clown,1951-05-25,73,65+,Michael Ellis
C00386,Grant,Murphy,New Christophermouth,2607729428,Footballer,1972-11-04,52,50-65,Grant Murphy
C00387,Lindsay,Adams,North Sarahville,9287774119,Surgeon,1969-05-13,55,50-65,Lindsay Adams
C00388,Andrew,Stewart,South Travishaven,4801860925,Foreman,1957-12-08,67,65+,Andrew Stewart
C00389,Aaron,Hart,Thomasburgh,8987621538,Housewife,1938-12-19,86,65+,Aaron Hart
C00390,Stephen,Patrick,Kristinafort,8791210750,Librarian,1923-05-14,101,65+,Stephen Patrick
C00391,Shawna,Sharp,Port Danielletown,2113044720,Farmer,1940-08-28,84,65+,Shawna Sharp
C00392,Ryan,Lopez,Colinborough,8714151117,Police officer,1955-07-07,69,65+,Ryan Lopez
C00393,Miranda,Doyle,Ballardfort,620216811,Geisha,1948-07-23,76,65+,Miranda Doyle
C00394,Michelle,Pratt,Saundersfort,4478952074,Police officer,1969-01-09,55,50-65,Michelle Pratt
C00395,Jessica,Smith,New Chloeton,4643402744,Cameraman,1933-04-29,91,65+,Jessica Smith
C00396,Andrew,Garcia,Freemanborough,4333805475,Photographer,1969-07-09,55,50-65,Andrew Garcia
C00397,Hannah,Snow,West Timothyport,5890688550,Photographer,1975-06-29,49,35-50,Hannah Snow
C00398,Christy,Contreras,South Anthony,3800752987,Repairman,1944-10-24,80,65+,Christy Contreras
C00399,James,Carpenter,Victorborough,6889917079,Lifeguard,1971-09-08,53,50-65,James Carpenter
C00400,David,Middleton,Lake Derrick,9315252531,Salesman,1981-05-14,43,35-50,David Middleton
C00401,Jacqueline,Hayes,West Brandonberg,7435908062,Priest,1987-04-16,37,35-50,Jacqueline Hayes
C00402,Randall,Harper,Shahshire,794796944,Doorman,1973-03-22,51,50-65,Randall Harper
C00403,Melissa,Terrell,South Gregory,1582829983,Librarian,1932-11-25,92,65+,Melissa Terrell
C00404,Lauren,Camacho,Lake Christopher,1891919334,Priest,1925-07-23,99,65+,Lauren Camacho
C00405,Patrick,Knapp,Mcgeemouth,3897338813,Reporter,1946-12-05,78,65+,Patrick Knapp
C00406,Mason,Morrison,Bryanmouth,8585956066,Fireman,1951-03-06,73,65+,Mason Morrison
C00407,Christina,Reeves,Port Latasha,6023671036,Builder,1928-12-31,96,65+,Christina Reeves
C00408,Cindy,Mills,New Sharon,6767582267,Pope,1921-08-01,103,65+,Cindy Mills
C00409,Brittany,Giles,Lake Carolmouth,8331778832,Doctor,1932-08-14,92,65+,Brittany Giles
C00410,Brian,Hughes,Maxwellburgh,6482320175,Pirate,1913-09-21,111,65+,Brian Hughes
C00411,Kim,Allen,Robertborough,299260852,Electrician,2005-08-21,19,Below 25,Kim Allen
C00412,Amy,Alexander,East Stephanie,9500033891,Salesman,2004-10-03,20,Below 25,Amy Alexander
C00413,Jasmine,Livingston,Ronnieborough,5065500902,Professor,1941-12-14,83,65+,Jasmine Livingston
C00414,Nicole,House,Lake Caseyshire,5033755669,Painter,1928-10-21,96,65+,Nicole House
C00415,Pamela,Schultz,Jamieport,8816648371,Gardener,2004-03-16,20,Below 25,Pamela Schultz
C00416,Jody,Robinson,Rebeccastad,6300651458,Architect,1973-10-05,51,50-65,Jody Robinson
C00417,Kimberly,Martinez,Lake Nicholas,8145569364,Cameraman,1927-01-30,97,65+,Kimberly Martinez
C00418,Jessica,Henry,West Victoria,5729075873,Boxer,1962-06-26,62,50-65,Jessica Henry
C00419,Michelle,Vasquez,Berrytown,411774851,Detective,1960-09-10,64,50-65,Michelle Vasquez
C00420,Denise,Hall,Catherineside,5575172124,Doorman,1962-07-04,62,50-65,Denise Hall
C00421,Linda,White,Jefferybury,4138300405,Pirate,1917-06-10,107,65+,Linda White
C00422,Larry,Watts,Hillberg,9911490487,Postman,1942-11-05,82,65+,Larry Watts
C00423,Anthony,Charles,Wilsonshire,3995263601,Reporter,1992-04-14,32,25-35,Anthony Charles
C00424,Danielle,Smith,West Erik,7231639163,Architect,1985-08-20,39,35-50,Danielle Smith
C00425,James,Guerra,Bennettburgh,4102675374,Train conductor,1957-01-04,67,65+,James Guerra
C00426,George,Taylor,Churchport,5075048873,Dentist,1951-01-25,73,65+,George Taylor
C00427,Cindy,Gutierrez,Lake Juanshire,8978720024,Fireman,1977-09-19,47,35-50,Cindy Gutierrez
C00428,Xavier,Crawford,New Tylerburgh,2197771378,Housekeeper,1960-12-12,64,50-65,Xavier Crawford
C00429,Karen,Torres,East Richard,8351018293,Priest,2000-09-29,24,Below 25,Karen Torres
C00430,Mary,Barber,Port Carlfurt,3636469133,Priest,1975-07-30,49,35-50,Mary Barber
C00431,Susan,Day,New Debra,5033447873,Train conductor,1949-09-08,75,65+,Susan Day
C00432,Carlos,Anderson,North Jennachester,9284595786,Mechanic,1977-06-07,47,35-50,Carlos Anderson
C00433,Amanda,Johnson,Kimberlyberg,8514236493,Surgeon,1913-03-09,111,65+,Amanda Johnson
C00434,Albert,Matthews,Millershire,9148131434,Gardener,1958-03-15,66,65+,Albert Matthews
C00435,David,Harper,Ochoaburgh,7836325034,Priest,1944-08-24,80,65+,David Harper
C00436,Matthew,Simon,Lake Katherineton,1399463948,Farmer,1996-04-20,28,25-35,Matthew Simon
C00437,Cynthia,Heath,Nataliechester,4242590408,Forest ranger,1949-03-22,75,65+,Cynthia Heath
C00438,David,Diaz,South Kimberlyview,9281085309,Paramedic,1949-08-24,75,65+,David Diaz
C00439,Mallory,Medina,New Ashleyland,9555381759,Mechanic,1936-06-01,88,65+,Mallory Medina
C00440,Brittany,Jones,West Rebeccaville,6309958477,Train conductor,1973-12-20,51,50-65,Brittany Jones
C00441,Vicki,Bright,Thompsonton,4763340327,Professor,1964-03-16,60,50-65,Vicki Bright
C00442,Donna,Wilson,Johnsonberg,2834686051,Detective,1913-07-10,111,65+,Donna Wilson
C00443,Amy,Oneill,Port Tyler,8695508458,Reporter,1989-06-03,35,25-35,Amy Oneill
C00444,Joseph,Morgan,Patriciafort,1360027760,Secretary,1943-02-24,81,65+,Joseph Morgan
C00445,Ryan,Smith,Lake Breanna,8713838422,Repairman,1963-10-27,61,50-65,Ryan Smith
C00446,Ashley,James,Lake Joshua,6355599291,Secretary,1914-12-30,110,65+,Ashley James
C00447,Tammy,Wilson,Ashleyport,8384977547,Detective,2002-02-06,22,Below 25,Tammy Wilson
C00448,Douglas,Horn,Norrisstad,4293975492,Geisha,1990-09-10,34,25-35,Douglas Horn
C00449,Haley,Nixon,West Jameston,6908470941,Foreman,2003-09-03,21,Below 25,Haley Nixon
C00450,Anna,Weiss,Landrystad,2343238696,Priest,1935-06-28,89,65+,Anna Weiss
C00451,Lisa,Hill,Nicholaschester,880979466,Construction worker,1997-09-03,27,25-35,Lisa Hill
C00452,Jill,Copeland,New Feliciaport,660465952,Surgeon,1942-10-03,82,65+,Jill Copeland
C00453,Amber,Edwards,New Jessica,9479639129,Construction worker,2004-08-18,20,Below 25,Amber Edwards
C00454,Christine,Gray,East Kellyport,557953098,Clown,2004-07-18,20,Below 25,Christine Gray
C00455,Stacy,Holt,West Connortown,7068781557,Construction worker,1967-05-07,57,50-65,Stacy Holt
C00456,Rachel,Mccormick,Joyceside,465719165,Dentist,1942-01-05,82,65+,Rachel Mccormick
C00457,Tanner,Jones,North Daniel,4399301015,Businessman,1947-03-22,77,65+,Tanner Jones
C00458,Clinton,Brady,South Tonyaview,4500934583,American football player,1967-02-10,57,50-65,Clinton Brady
C00459,Randall,Rodgers,Port Gabrielmouth,9625841428,Professor,1987-09-14,37,35-50,Randall Rodgers
C00460,Jennifer,Perry,Rodneybury,9808080416,Builder,1964-08-18,60,50-65,Jennifer Perry
C00461,Hunter,Walker,New Lisa,5599052091,Lifeguard,1994-03-02,30,25-35,Hunter Walker
C00462,Kelly,Coffey,South Karenfort,9719302756,Cameraman,1924-08-02,100,65+,Kelly Coffey
C00463,Diamond,Castaneda,New Petermouth,627826810,Geisha,1996-03-30,28,25-35,Diamond Castaneda
C00464,Nathan,Hughes,Lauraburgh,6383749321,Footballer,1965-06-23,59,50-65,Nathan Hughes
C00465,Alexis,Perry,West Jacob,206173113,Architect,1996-07-06,28,25-35,Alexis Perry
C00466,Adrian,Bell,Daniellestad,510733011,Scientist,1983-10-09,41,35-50,Adrian Bell
C00467,Kimberly,Mathis,East Jessica,4439634972,Paramedic,1993-03-15,31,25-35,Kimberly Mathis
C00468,Ricardo,Jarvis,Mclaughlinbury,6087388956,Carpenter,1948-12-31,76,65+,Ricardo Jarvis
C00469,Robert,Davis,Georgeville,6311944960,Postman,1998-06-30,26,25-35,Robert Davis
C00470,Justin,Jordan,Robertburgh,9115704149,Businessman,1930-03-16,94,65+,Justin Jordan
C00471,Kathryn,Davis,Susanborough,3935192731,Salesman,1994-05-24,30,25-35,Kathryn Davis
C00472,Antonio,Lambert,Burkeberg,3762229087,Electrician,1922-01-25,102,65+,Antonio Lambert
C00473,Jennifer,Guerra,Kathleenview,8269752791,Librarian,1953-03-21,71,65+,Jennifer Guerra
C00474,Deborah,Morgan,Alyssahaven,300783108,Lunchroom supervisor,1984-12-25,40,35-50,Deborah Morgan
C00475,Colleen,Nunez,Thomasland,4260499106,Soldier,1995-03-06,29,25-35,Colleen Nunez
C00476,Clayton,Werner,Nelsonport,3252651334,Clown,1999-05-18,25,Below 25,Clayton Werner
C00477,John,Jones,South Allenfort,2221334186,Construction worker,1949-07-06,75,65+,John Jones
C00478,Anthony,Rubio,Stanleymouth,7748956275,Magician,1988-08-21,36,35-50,Anthony Rubio
C00479,Stephen,Lee,Gregoryborough,4314432458,Paramedic,1947-03-05,77,65+,Stephen Lee
C00480,Ryan,Robinson,Wardbury,5584736704,Clown,1958-07-04,66,65+,Ryan Robinson
C00481,Shane,White,West Jasonview,9462310747,Housekeeper,1932-06-20,92,65+,Shane White
C00482,Caitlin,Scott,West John,2651275894,Businessman,1983-04-24,41,35-50,Caitlin Scott
C00483,Nicole,Meadows,Perezton,4518518194,Catholic nun,1987-04-05,37,35-50,Nicole Meadows
C00484,Robert,James,Wilkersontown,7957334808,Construction worker,1967-12-15,57,50-65,Robert James
C00485,Michael,Carter,Orozcoberg,2683522103,Singer,1964-01-23,60,50-65,Michael Carter
C00486,Michael,Castillo,South Paul,2305493924,Journalist,1914-03-22,110,65+,Michael Castillo
C00487,Joseph,Mitchell,Cynthiatown,2886079913,Dentist,1946-11-01,78,65+,Joseph Mitchell
C00488,Rebecca,Gilmore,Frazierfort,9891599632,Painter,1934-08-04,90,65+,Rebecca Gilmore
C00489,Jessica,Johnson,Aliciaville,8286033808,Repairman,1996-12-28,28,25-35,Jessica Johnson
C00490,Jose,Travis,North Andrewberg,7206649616,Engineer,1920-12-27,104,65+,Jose Travis
C00491,Mark,Hartman,Jeffreyview,634161785,Painter,1953-04-18,71,65+,Mark Hartman
C00492,Michael,Summers,Lake Rachel,4049193212,Cameraman,1974-01-12,50,35-50,Michael Summers
C00493,Troy,Bates,Bakerport,6790958551,Mechanic,1947-04-05,77,65+,Troy Bates
C00494,Shaun,Ortiz,Bassmouth,8205607586,Electrician,1933-08-03,91,65+,Shaun Ortiz
C00495,Laura,Morgan,Taylorfort,5226081896,Engineer,1931-10-04,93,65+,Laura Morgan
C00496,Jared,Morales,Phillipbury,7214017670,Businessman,1922-05-15,102,65+,Jared Morales
C00497,Leah,Thomas,North Jody,3838649742,Forest ranger,2002-08-09,22,Below 25,Leah Thomas
C00498,Kristina,Jones,Knightburgh,1373840514,Architect,1943-12-22,81,65+,Kristina Jones
C00499,George,Steele,New Mauriceberg,7549025520,Footballer,1993-10-11,31,25-35,George Steele
C00500,Victoria,Bautista,Elliston,5625246811,Lifeguard,1983-11-04,41,35-50,Victoria Bautista
C00501,Zachary,Campbell,New Sharon,7662057593,Surgeon,1962-09-12,62,50-65,Zachary Campbell
C00502,George,Hernandez,Lake Steventown,3765408718,Police officer,1919-04-18,105,65+,George Hernandez
C00503,James,Taylor,Lake Anthony,7617435427,Carpenter,1944-09-11,80,65+,James Taylor
C00504,Adam,Warren,East Rebeccaport,1702973629,Flight attendant,1916-01-30,108,65+,Adam Warren
C00505,Heather,Huff,Robinview,184396310,Librarian,1931-10-05,93,65+,Heather Huff
C00506,Kristin,Bean,Natashaside,1978680363,Scientist,2000-07-29,24,Below 25,Kristin Bean
C00507,Mark,Hill,West Brianna,4170007996,Electrician,1995-04-09,29,25-35,Mark Hill
C00508,Benjamin,Morgan,Rodriguezfort,5383203004,Professor,1973-01-16,51,50-65,Benjamin Morgan
C00509,Jesse,Smith,Port Jenniferview,1996037230,Footballer,1951-02-09,73,65+,Jesse Smith
C00510,Patrick,Bradshaw,Davisborough,1662660458,Architect,1959-10-25,65,50-65,Patrick Bradshaw
C00511,Justin,Smith,New Markmouth,1627195143,Magician,1949-11-22,75,65+,Justin Smith
C00512,Chad,King,South Jessica,552307550,American football player,1935-06-08,89,65+,Chad King
C00513,Megan,Brown,Thomasland,9940044188,Diver,1996-07-16,28,25-35,Megan Brown
C00514,Brian,Webb,New Ruben,8801511012,Pilot,1998-01-20,26,25-35,Brian Webb
C00515,Dorothy,Hampton,East Andre,7351128197,Fireman,1960-02-02,64,50-65,Dorothy Hampton
C00516,Franklin,Price,New Alisonhaven,7264845563,Forest ranger,1999-08-19,25,Below 25,Franklin Price
C00517,Carl,Cruz,Jesusmouth,192049538,Electrician,1919-05-04,105,65+,Carl Cruz
C00518,James,Small,North Michael,6791656023,Doctor,1969-04-24,55,50-65,James Small
C00519,Ann,Le,Elliottmouth,6350018654,Doctor,2003-03-16,21,Below 25,Ann Le
C00520,Teresa,Nguyen,New Jeffreyton,3660132167,Surgeon,1916-08-01,108,65+,Teresa Nguyen
C00521,Stacey,Bush,Charlesland,1657434899,Geisha,1921-04-22,103,65+,Stacey Bush
C00522,William,Smith,Prestonfort,4097002392,Carpenter,1925-06-28,99,65+,William Smith
C00523,Daniel,Smith,Donnamouth,5736949872,Doctor,1928-12-15,96,65+,Daniel Smith
C00524,Jane,Sweeney,East Corey,1681149582,Soldier,1961-06-01,63,50-65,Jane Sweeney
C00525,Rachel,Gomez,West Jerrybury,8148590226,Builder,1949-03-12,75,65+,Rachel Gomez
C00526,Michael,Mcmahon,Jesusville,5332766541,Businessman,1972-12-20,52,50-65,Michael Mcmahon
C00527,Jeffrey,Rice,Port Oliviashire,4669541398,Dentist,1935-11-11,89,65+,Jeffrey Rice
C00528,Nicole,Friedman,West Morganburgh,5431119641,Librarian,1955-07-09,69,65+,Nicole Friedman
C00529,Joe,Mcmahon,Chaveztown,7581381413,Doorman,1993-07-26,31,25-35,Joe Mcmahon
C00530,Haley,Holmes,Peterfort,152425980,Builder,1975-10-11,49,35-50,Haley Holmes
C00531,Ryan,Bell,West Tarastad,8547479737,Librarian,1973-01-04,51,50-65,Ryan Bell
C00532,Colin,Murillo,East Krystal,5959669128,Mechanic,1915-01-28,109,65+,Colin Murillo
C00533,Laura,Walters,East Haley,58529217,Catholic nun,1987-05-21,37,35-50,Laura Walters
C00534,Angela,Ford,Port Masontown,4476438737,Doctor,1945-09-22,79,65+,Angela Ford
C00535,Charles,Braun,Sullivanmouth,7571930906,Nurse,1955-11-17,69,65+,Charles Braun
C00536,John,Perez,North Mary,1185186557,Housekeeper,1955-04-28,69,65+,John Perez
C00537,Sara,Davis,West Stevenhaven,6413968552,Architect,1982-12-21,42,35-50,Sara Davis
C00538,Benjamin,Garcia,North Nancy,9164264867,Boxer,1928-06-02,96,65+,Benjamin Garcia
C00539,Scott,Nichols,Mccallborough,754880241,Secretary,1938-03-21,86,65+,Scott Nichols
C00540,Robin,Gonzalez,Lake Christopherland,5539288230,Cameraman,1994-12-14,30,25-35,Robin Gonzalez
C00541,Curtis,Pitts,West Beth,2135736069,Housewife,1945-07-22,79,65+,Curtis Pitts
C00542,Randy,Diaz,West Brendaland,1617414299,Pirate,1975-04-29,49,35-50,Randy Diaz
C00543,Shannon,Hensley,Port Roberttown,1680376776,Engineer,1978-05-23,46,35-50,Shannon Hensley
C00544,Wayne,Gomez,Aaronberg,1270460049,American football player,2002-09-30,22,Below 25,Wayne Gomez
C00545,Lauren,Klein,Yorkmouth,2466111940,Librarian,1939-02-23,85,65+,Lauren Klein
C00546,Carrie,Massey,Kristenchester,7680668492,Forest ranger,1983-11-13,41,35-50,Carrie Massey
C00547,Jonathan,Shaw,East Deborahview,10302367,Cameraman,1964-12-25,60,50-65,Jonathan Shaw
C00548,Monica,Owen,Paulside,8133371269,Singer,1990-03-30,34,25-35,Monica Owen
C00549,John,Ellison,East Brian,546734107,Carpenter,1960-04-11,64,50-65,John Ellison
C00550,Kelly,Dominguez,South Laurieport,1390884412,Police officer,1954-05-06,70,65+,Kelly Dominguez
C00551,Cheryl,Webb,West Susan,1843605823,Painter,1990-12-03,34,25-35,Cheryl Webb
C00552,Daniel,Parsons,Stephaniefurt,8806015227,Geisha,1992-08-06,32,25-35,Daniel Parsons
C00553,Daniel,Baldwin,East Jared,7427426062,Boxer,1944-10-16,80,65+,Daniel Baldwin
C00554,Lucas,Anderson,North Katherineshire,9873438751,Surgeon,1997-06-20,27,25-35,Lucas Anderson
C00555,Nicholas,Romero,Christinaview,557011672,Flight attendant,1937-11-18,87,65+,Nicholas Romero
C00556,Michael,Ramirez,Smithshire,2311096195,Mechanic,1967-09-15,57,50-65,Michael Ramirez
C00557,Daniel,Cobb,South Jose,3741264244,Librarian,1946-03-17,78,65+,Daniel Cobb
C00558,Roberta,Smith,North David,4040268589,Surgeon,1960-05-07,64,50-65,Roberta Smith
C00559,Stephen,Haas,North Dustinborough,8938946344,Postman,1996-01-26,28,25-35,Stephen Haas
C00560,Stephen,Turner,New Kathleen,4240900558,Train conductor,1973-07-06,51,50-65,Stephen Turner
C00561,Teresa,Williams,Alexanderside,3799052017,Gardener,1973-06-17,51,50-65,Teresa Williams
C00562,Sarah,Martinez,North Christopher,7200123827,Photographer,1982-08-16,42,35-50,Sarah Martinez
C00563,Christopher,Lopez,Lake Laurie,6990201709,Train conductor,1965-05-06,59,50-65,Christopher Lopez
C00564,Samantha,Parks,Lake Christopher,40243556,Secretary,1985-01-05,39,35-50,Samantha Parks
C00565,Jamie,Anderson,South Hannahbury,4589764961,Foreman,1982-06-24,42,35-50,Jamie Anderson
C00566,Rachel,Morgan,Mcgrathshire,9396811692,Professor,1920-09-03,104,65+,Rachel Morgan
C00567,Jason,Smith,Lake Bradleyton,474286396,Geisha,1987-05-20,37,35-50,Jason Smith
C00568,Nicholas,Wright,North Lawrence,4349456815,Lunchroom supervisor,1923-10-04,101,65+,Nicholas Wright
C00569,Robert,Allen,Jacobsonberg,774311555,Journalist,1920-02-02,104,65+,Robert Allen
C00570,Justin,Shepherd,Lake Sydney,3886773633,Surgeon,1921-10-15,103,65+,Justin Shepherd
C00571,Charles,Stone,Gregoryburgh,399818285,Flight attendant,1947-04-16,77,65+,Charles Stone
C00572,Samantha,Holmes,New Antonio,8237377818,Nurse,2005-08-12,19,Below 25,Samantha Holmes
C00573,Micheal,Brooks,Chrisburgh,8539367409,Police officer,1926-02-08,98,65+,Micheal Brooks
C00574,Daniel,Brooks,Scottborough,7962184375,Electrician,1982-06-09,42,35-50,Daniel Brooks
C00575,Tiffany,Harrison,North Davidfurt,2839049414,Professor,1998-06-19,26,25-35,Tiffany Harrison
C00576,Christine,Carroll,Lauramouth,3321788610,Salesman,1997-07-13,27,25-35,Christine Carroll
C00577,Veronica,Smith,New Amy,3149875877,Secretary,1944-04-23,80,65+,Veronica Smith
C00578,Jackie,Gordon,Toddmouth,293387790,Police officer,1956-03-18,68,65+,Jackie Gordon
C00579,Julie,Porter,East Leahchester,6169913288,Clown,1934-08-25,90,65+,Julie Porter
C00580,Nicholas,Welch,Lake Apriltown,1575335017,Secretary,1932-08-05,92,65+,Nicholas Welch
C00581,Cassidy,Vasquez,Port Richard,1840630170,Secretary,2002-10-18,22,Below 25,Cassidy Vasquez
C00582,Emily,Odonnell,Quinnside,1698880662,Electrician,1955-07-17,69,65+,Emily Odonnell
C00583,Ashley,Heath,Port Chelsea,869985157,Pope,1948-10-05,76,65+,Ashley Heath
C00584,Rebekah,Gonzales,Mcleanshire,5943358962,Surgeon,1919-11-14,105,65+,Rebekah Gonzales
C00585,Jody,Adkins,Harrisland,9990711683,Repairman,1932-08-13,92,65+,Jody Adkins
C00586,Matthew,Shaw,Mirandashire,5290641801,Detective,1934-11-04,90,65+,Matthew Shaw
C00587,Steven,Burke,Nicholashaven,7670359245,Geisha,1987-11-27,37,35-50,Steven Burke
C00588,Bridget,Mendoza,Anitaburgh,9918708034,Salesman,1928-12-13,96,65+,Bridget Mendoza
C00589,Matthew,Harvey,New Brittany,4122730240,Businessman,1951-01-01,73,65+,Matthew Harvey
C00590,Danielle,Hernandez,Huffmanshire,3460281187,Waiter,1921-07-06,103,65+,Danielle Hernandez
C00591,Patrick,Reyes,Michellefort,409801369,Train conductor,1978-02-18,46,35-50,Patrick Reyes
C00592,Jessica,Carey,Davidstad,2661474056,Salesman,1956-12-27,68,65+,Jessica Carey
C00593,Jessica,Powell,New Kevin,5841172093,Reporter,1934-04-05,90,65+,Jessica Powell
C00594,Robert,Lloyd,Changtown,5308152227,Police officer,1992-03-18,32,25-35,Robert Lloyd
C00595,Leah,Riley,West Trevorfurt,324630232,Nurse,1928-06-23,96,65+,Leah Riley
C00596,Nathan,Hernandez,Chelseastad,7179882251,Doctor,1966-03-30,58,50-65,Nathan Hernandez
C00597,Benjamin,Davis,South Brianview,993190482,Mechanic,1974-05-26,50,35-50,Benjamin Davis
C00598,Jacob,Henderson,Brownmouth,7555346021,Secretary,1946-11-06,78,65+,Jacob Henderson
C00599,Lonnie,Smith,Hopkinstown,8358442318,Geisha,1993-10-10,31,25-35,Lonnie Smith
C00600,Amber,Collins,Nicoleside,2123899375,Train conductor,1999-12-02,25,Below 25,Amber Collins
C00601,Kyle,Coffey,Lake Jennifer,7835290223,American football player,1930-07-19,94,65+,Kyle Coffey
C00602,Christopher,Willis,Christopherberg,4299617131,Mechanic,1956-06-27,68,65+,Christopher Willis
C00603,Tiffany,Mcdowell,Hodgesfort,367965309,Doorman,1932-11-14,92,65+,Tiffany Mcdowell
C00604,Donna,Gonzalez,Carrollberg,4955053791,Police officer,1935-04-05,89,65+,Donna Gonzalez
C00605,Brenda,Vega,Port Christina,4526812555,Architect,1982-06-04,42,35-50,Brenda Vega
C00606,Teresa,Suarez,West Penny,1806301822,Journalist,1996-09-15,28,25-35,Teresa Suarez
C00607,Heidi,Chambers,Cherrychester,1558973383,Flight attendant,1969-07-02,55,50-65,Heidi Chambers
C00608,Kevin,Gomez,Marieshire,4842086502,Detective,1977-09-22,47,35-50,Kevin Gomez
C00609,Connie,Young,Anthonyborough,4798616558,Lunchroom supervisor,1948-04-24,76,65+,Connie Young
C00610,Mark,Cabrera,Port Michaelmouth,8531458759,Professor,1956-11-28,68,65+,Mark Cabrera
C00611,Pamela,Nichols,South Lisa,1790899709,Construction worker,1971-08-08,53,50-65,Pamela Nichols
C00612,Heather,Gates,Laurafort,1731722283,Fireman,1942-10-03,82,65+,Heather Gates
C00613,Rebecca,Duncan,Allisonburgh,5412203379,Geisha,1989-12-31,35,25-35,Rebecca Duncan
C00614,Cole,Watts,Patelmouth,8771570261,Businessman,1966-08-09,58,50-65,Cole Watts
C00615,Jason,Jordan,Port Dawnview,3593492079,Diver,1918-12-01,106,65+,Jason Jordan
C00616,Marc,Martin,Stephaniehaven,2450009555,Electrician,1930-04-25,94,65+,Marc Martin
C00617,Richard,Rodriguez,Lake Jacob,3926599318,Gardener,1945-01-20,79,65+,Richard Rodriguez
C00618,Ryan,King,Caseytown,3733826365,Painter,1972-04-25,52,50-65,Ryan King
C00619,Cynthia,Johnson,Port Williamshire,3490013079,Foreman,2004-01-23,20,Below 25,Cynthia Johnson
C00620,Jonathan,Turner,South Sherry,2315288060,Businessman,1917-10-25,107,65+,Jonathan Turner
C00621,Carrie,Collins,Francisville,1894466815,Detective,1956-11-24,68,65+,Carrie Collins
C00622,Jessica,Cox,Emilyport,5374025186,Surgeon,1985-08-28,39,35-50,Jessica Cox
C00623,Jennifer,Klein,Garciafort,3596176735,Housekeeper,1925-05-23,99,65+,Jennifer Klein
C00624,Brandon,Velazquez,Atkinston,7420069371,Police officer,1976-05-22,48,35-50,Brandon Velazquez
C00625,Emily,Ortega,Brianashire,2163890525,Engineer,1991-06-25,33,25-35,Emily Ortega
C00626,Joseph,Roth,North Jenniferview,9539992416,Fireman,1970-04-07,54,50-65,Joseph Roth
C00627,Sarah,Cunningham,Lake Robert,3396457659,Pilot,1977-01-13,47,35-50,Sarah Cunningham
C00628,Scott,Johnson,South Jonathan,8848224382,Doctor,1920-09-07,104,65+,Scott Johnson
C00629,John,Brooks,Christopherton,7388451079,Painter,1946-02-12,78,65+,John Brooks
C00630,Paul,Lopez,Patricktown,4361894422,Soldier,1923-04-04,101,65+,Paul Lopez
C00631,Justin,Herrera,West Victoriaburgh,3914493508,Construction worker,1975-06-05,49,35-50,Justin Herrera
C00632,Jasmine,Hernandez,East Annetteville,5973701768,Doorman,1934-05-28,90,65+,Jasmine Hernandez
C00633,Robin,Fischer,Brittanyview,5343615876,Priest,1922-08-31,102,65+,Robin Fischer
C00634,James,Campbell,New Timothyburgh,7251654809,Architect,1987-06-07,37,35-50,James Campbell
C00635,Michelle,Newton,Halestad,9460826843,Housewife,1990-10-10,34,25-35,Michelle Newton
C00636,Lori,Reyes,Lake Stephanie,2741454172,Magician,1967-12-07,57,50-65,Lori Reyes
C00637,Joshua,Kelley,Sharonville,1858715595,Nurse,1929-08-16,95,65+,Joshua Kelley
C00638,Charles,Estrada,North Justinfurt,2706196206,Lifeguard,1991-11-24,33,25-35,Charles Estrada
C00639,John,Patel,Kellyfort,3686421400,Fireman,1945-11-28,79,65+,John Patel
C00640,Michelle,Rodriguez,Port Ryan,100782353,Engineer,1969-03-10,55,50-65,Michelle Rodriguez
C00641,Jared,Black,New Kara,236557122,Reporter,1986-10-07,38,35-50,Jared Black
C00642,Stephanie,Roberts,Port Victoriamouth,1384962152,Dentist,1943-08-20,81,65+,Stephanie Roberts
C00643,Amy,Tran,West Margaret,8962804956,Carpenter,2000-10-24,24,Below 25,Amy Tran
C00644,Andrew,Lamb,Theresaton,230245347,Pope,1957-08-23,67,65+,Andrew Lamb
C00645,Shirley,White,Lake Francisco,2787396269,Salesman,1970-04-24,54,50-65,Shirley White
C00646,Karen,Parrish,Lake Andrew,3992390933,Waiter,1924-11-18,100,65+,Karen Parrish
C00647,Dawn,Palmer,New Thomasland,8097795840,Clown,2001-12-13,23,Below 25,Dawn Palmer
C00648,Heather,French,South Staceyton,6071489727,Waiter,1940-08-09,84,65+,Heather French
C00649,Tiffany,Phillips,Patelville,9466638208,Police officer,1935-08-09,89,65+,Tiffany Phillips
C00650,Raymond,Payne,New Nicoleshire,9231083308,Foreman,2001-05-27,23,Below 25,Raymond Payne
C00651,Todd,Smith,Lake Saraville,7350145143,Lunchroom supervisor,1951-08-26,73,65+,Todd Smith
C00652,Lisa,Lopez,Wrightview,3196028340,Reporter,1961-11-16,63,50-65,Lisa Lopez
C00653,Omar,Brown,East Barbara,9824463884,Electrician,1917-11-26,107,65+,Omar Brown
C00654,Elaine,Hicks,Lake Katherinestad,1988974345,Doorman,1954-06-08,70,65+,Elaine Hicks
C00655,Tara,Miller,Gibsonmouth,3229868999,Doctor,1978-01-25,46,35-50,Tara Miller
C00656,David,Cobb,West Lauriestad,9783582225,Businessman,1934-02-17,90,65+,David Cobb
C00657,Stephanie,Kirby,Oliviaville,541446356,Farmer,1945-03-25,79,65+,Stephanie Kirby
C00658,Lauren,Riley,North Shelly,430626133,Carpenter,1971-12-14,53,50-65,Lauren Riley
C00659,Kathleen,Wilson,New Mark,9458051907,Housewife,1945-01-05,79,65+,Kathleen Wilson
C00660,Walter,Rogers,South Donald,9864822765,Diver,2001-07-10,23,Below 25,Walter Rogers
C00661,Mike,Morales,Angelaside,2569167185,Diver,1967-05-05,57,50-65,Mike Morales
C00662,Jessica,Jones,Lake Andrew,777988650,Secretary,1952-01-12,72,65+,Jessica Jones
C00663,Michael,Ramos,Herringchester,8799523289,Paramedic,1975-04-24,49,35-50,Michael Ramos
C00664,Glenn,Case,West Dawnstad,5944313591,Salesman,1963-09-01,61,50-65,Glenn Case
C00665,Brent,Young,Katieton,890937862,Waiter,1975-12-21,49,35-50,Brent Young
C00666,Leah,Moreno,Nicolechester,7556788321,Professor,1984-11-02,40,35-50,Leah Moreno
C00667,Kenneth,Thompson,West Marc,1988542338,Train conductor,1941-12-11,83,65+,Kenneth Thompson
C00668,Julie,Anderson,New Morganport,2138662058,Diver,1966-04-27,58,50-65,Julie Anderson
C00669,Billy,Black,South Michael,6838793005,Train conductor,1926-09-01,98,65+,Billy Black
C00670,Alexis,Smith,Elizabethville,1368382224,Fireman,1919-01-22,105,65+,Alexis Smith
C00671,Christopher,Dominguez,Christopherberg,3903878673,Pilot,1953-11-14,71,65+,Christopher Dominguez
C00672,Diane,Mendez,Port Jackiemouth,3497727250,Soldier,1958-10-08,66,65+,Diane Mendez
C00673,Denise,Robinson,Robertbury,1585609889,Pilot,1939-07-16,85,65+,Denise Robinson
C00674,Bailey,Lee,New Glen,1799525562,Librarian,2001-01-05,23,Below 25,Bailey Lee
C00675,Alexander,Chapman,East Pamelabury,8611061420,Journalist,1950-06-15,74,65+,Alexander Chapman
C00676,Connie,Campbell,West Jodishire,223215343,Businessman,2004-06-29,20,Below 25,Connie Campbell
C00677,Mitchell,West,Smithburgh,7009444560,Builder,1995-10-19,29,25-35,Mitchell West
C00678,Linda,Cameron,New Williebury,7318445065,Detective,1938-07-18,86,65+,Linda Cameron
C00679,Thomas,Christian,Quinnbury,1388771346,Lunchroom supervisor,1920-11-02,104,65+,Thomas Christian
C00680,Sarah,Barton,Matthewhaven,8281786107,Priest,1988-10-08,36,35-50,Sarah Barton
C00681,Breanna,Gray,Brownview,1968295343,Farmer,1984-09-11,40,35-50,Breanna Gray
C00682,Sherry,Rivera,North Kimberly,5864362415,Student,1986-01-04,38,35-50,Sherry Rivera
C00683,Stephanie,Miller,East Kevin,2067601844,Magician,1970-03-13,54,50-65,Stephanie Miller
C00684,Emily,King,Jamesborough,5374977058,Forest ranger,1998-03-10,26,25-35,Emily King
C00685,Christina,Clayton,Perryview,1145806979,Detective,1934-07-08,90,65+,Christina Clayton
C00686,Micheal,Morrison,Hillton,8998901890,Repairman,1925-05-03,99,65+,Micheal Morrison
C00687,Jonathan,Turner,Port Briannaport,3680792821,Doorman,1925-02-18,99,65+,Jonathan Turner
C00688,Ashley,Barton,South Alexanderview,5818358131,Student,1970-02-10,54,50-65,Ashley Barton
C00689,Daniel,Johnson,Galvanbury,5124333098,Footballer,1931-10-30,93,65+,Daniel Johnson
C00690,Christy,Campbell,Tiffanyberg,9173234082,Reporter,1962-01-06,62,50-65,Christy Campbell
C00691,Nicholas,Fletcher,Torresville,8144172247,Student,1928-05-09,96,65+,Nicholas Fletcher
C00692,Jessica,Gordon,Diazstad,4972251965,Fireman,1973-02-07,51,50-65,Jessica Gordon
C00693,Amanda,Briggs,Jayfurt,8829820707,Journalist,1973-07-16,51,50-65,Amanda Briggs
C00694,Bianca,Rodriguez,Raymondside,5989581915,Waiter,1942-05-24,82,65+,Bianca Rodriguez
C00695,Aaron,Carey,South David,5191364528,Electrician,1959-02-21,65,50-65,Aaron Carey
C00696,Sarah,Johnson,Johnsonberg,542387498,Lifeguard,1916-05-24,108,65+,Sarah Johnson
C00697,Maria,Mcdowell,Johnsontown,6904326842,Student,1979-07-05,45,35-50,Maria Mcdowell
C00698,Emily,Brooks,Danielmouth,7502519313,Surgeon,2000-05-23,24,Below 25,Emily Brooks
C00699,Alexander,Hill,Johnmouth,1188981334,Postman,1927-12-01,97,65+,Alexander Hill
C00700,Priscilla,Jordan,Port Jonathonfort,7867435318,Gardener,1996-10-11,28,25-35,Priscilla Jordan
C00701,Cassie,Diaz,Port Zacharyfurt,2697640228,Geisha,1952-09-01,72,65+,Cassie Diaz
C00702,Tara,Collins,Lake Daniellechester,1854252570,American football player,1981-07-25,43,35-50,Tara Collins
C00703,Cynthia,Guzman,Thompsonberg,4491119947,Painter,1962-05-06,62,50-65,Cynthia Guzman
C00704,Alyssa,Hebert,Lake Jesusport,4995638101,Photographer,1947-06-28,77,65+,Alyssa Hebert
C00705,April,Hill,Rodriguezport,872896514,Soldier,1947-08-14,77,65+,April Hill
C00706,Richard,Rubio,Tracyborough,8591243637,Lifeguard,1913-08-21,111,65+,Richard Rubio
C00707,Dylan,Mullins,Andreview,4215605176,Boxer,1990-06-07,34,25-35,Dylan Mullins
C00708,Maria,Hardin,North Amandatown,8930907461,Soldier,1948-11-02,76,65+,Maria Hardin
C00709,Vanessa,Adams,Amyshire,5458675701,Nurse,1922-08-15,102,65+,Vanessa Adams
C00710,Kevin,Moore,South Leonardburgh,327452050,Police officer,1922-03-15,102,65+,Kevin Moore
C00711,Kristin,Marshall,Montgomeryshire,4504309467,Pirate,1913-07-12,111,65+,Kristin Marshall
C00712,Mary,Jimenez,New Bethmouth,2350231219,Catholic nun,1968-07-09,56,50-65,Mary Jimenez
C00713,Sarah,Barrera,West Susan,3997918383,Doctor,1921-09-12,103,65+,Sarah Barrera
C00714,Patricia,Davies,Ryanchester,2895721730,Repairman,1944-12-11,80,65+,Patricia Davies
C00715,Maria,Mitchell,Atkinschester,2881531792,Mechanic,1941-01-09,83,65+,Maria Mitchell
C00716,Sarah,Jones,Dawnhaven,9074174924,Waiter,1953-11-09,71,65+,Sarah Jones
C00717,George,Hernandez,Reynoldsport,3986655261,Journalist,1959-12-30,65,50-65,George Hernandez
C00718,Sandra,Johnson,Craigburgh,6276430888,Train conductor,1990-02-05,34,25-35,Sandra Johnson
C00719,Kelly,Ramirez,Andrewton,2605831953,Diver,2005-08-10,19,Below 25,Kelly Ramirez
C00720,Brent,Larson,Lake Robinland,1138943954,Doorman,1926-07-12,98,65+,Brent Larson
C00721,Elizabeth,Garrison,Cabreraville,4027279245,Boxer,1993-08-13,31,25-35,Elizabeth Garrison
C00722,Mark,Santos,Rachelland,8217735902,Reporter,1964-12-03,60,50-65,Mark Santos
C00723,Amy,Fields,Juliafort,6624510059,Foreman,1963-01-05,61,50-65,Amy Fields
C00724,Travis,Waters,New Ashley,8118110935,Cameraman,1999-05-19,25,Below 25,Travis Waters
C00725,Kenneth,Buck,Lake Larry,8217747833,Postman,1999-10-10,25,Below 25,Kenneth Buck
C00726,Amanda,Richardson,East Anthony,3796034027,Train conductor,1982-01-12,42,35-50,Amanda Richardson
C00727,Kimberly,Tucker,New Morganshire,7053852113,Magician,1944-05-19,80,65+,Kimberly Tucker
C00728,Loretta,Webb,Lake Rachelmouth,8275943564,Student,1927-03-10,97,65+,Loretta Webb
C00729,John,Woods,South David,4279096596,Engineer,1983-12-04,41,35-50,John Woods
C00730,Justin,Mitchell,East Debbie,1296012997,Student,1980-09-16,44,35-50,Justin Mitchell
C00731,Bradley,Miller,New Patriciafurt,785488192,Farmer,2004-12-29,20,Below 25,Bradley Miller
C00732,Briana,Kelly,Lake Cameronshire,1541953740,Clown,1916-02-01,108,65+,Briana Kelly
C00733,John,Chambers,North Noahberg,963384520,Construction worker,1946-04-25,78,65+,John Chambers
C00734,Samantha,Jarvis,West Donald,63389116,Builder,1956-10-10,68,65+,Samantha Jarvis
C00735,Spencer,Harrington,Amandastad,512923043,Boxer,1919-11-02,105,65+,Spencer Harrington
C00736,Jennifer,Martinez,Kevinside,6183804277,Lunchroom supervisor,1930-06-03,94,65+,Jennifer Martinez
C00737,Samuel,Terry,Katieport,2444209904,Repairman,1951-06-10,73,65+,Samuel Terry
C00738,Jennifer,Lewis,Lambland,5635962105,Diver,1923-12-07,101,65+,Jennifer Lewis
C00739,Kayla,Wilson,Moralesville,400470884,Scientist,2000-06-19,24,Below 25,Kayla Wilson
C00740,Andre,Riggs,East Rachel,7856451125,Waiter,1988-09-08,36,35-50,Andre Riggs
C00741,Thomas,Tucker,Larsonfurt,8106703460,Lunchroom supervisor,1929-09-28,95,65+,Thomas Tucker
C00742,Paige,Hayes,South Jeffrey,132136841,Cameraman,1944-04-23,80,65+,Paige Hayes
C00743,Eric,Walsh,North Zachary,854578140,Electrician,1956-06-28,68,65+,Eric Walsh
C00744,William,Miller,Port Jonathan,8691996505,Paramedic,1980-09-15,44,35-50,William Miller
C00745,Steven,Palmer,South Maria,2437883853,Forest ranger,1923-08-25,101,65+,Steven Palmer
C00746,Barbara,Flores,Ryanville,6903053226,Detective,1931-06-04,93,65+,Barbara Flores
C00747,Richard,Vance,Elizabethberg,4535512047,Diver,1954-08-08,70,65+,Richard Vance
C00748,Amy,Rice,Port Travisborough,9089475523,Construction worker,1953-12-23,71,65+,Amy Rice
C00749,Elizabeth,Bryan,Port David,6865211613,Waiter,2001-05-25,23,Below 25,Elizabeth Bryan
C00750,James,Roberts,Williamsmouth,4549301632,Pilot,2001-11-16,23,Below 25,James Roberts
C00751,Vanessa,Daniels,South Katieland,956680850,Lunchroom supervisor,1954-08-19,70,65+,Vanessa Daniels
C00752,Michele,Yoder,North Emilyfurt,1711528626,Repairman,1987-11-26,37,35-50,Michele Yoder
C00753,Shannon,Thomas,Lake Robert,9472062407,Diver,1922-12-08,102,65+,Shannon Thomas
C00754,Randall,Hodges,North Natalieburgh,5275087325,Carpenter,1929-12-16,95,65+,Randall Hodges
C00755,Jeffrey,Hall,Lake Abigailmouth,8047799802,Police officer,2005-06-04,19,Below 25,Jeffrey Hall
C00756,Jim,Sullivan,New Billy,8676508827,Carpenter,1962-05-09,62,50-65,Jim Sullivan
C00757,Linda,Hall,Mcintyrehaven,9915138828,Librarian,1943-12-22,81,65+,Linda Hall
C00758,Chris,Cox,New Melinda,242657362,Catholic nun,1951-02-04,73,65+,Chris Cox
C00759,Jeremy,Campbell,West Jessica,7036379674,Detective,1913-10-24,111,65+,Jeremy Campbell
C00760,Jennifer,Rodriguez,Dianeland,8647620337,American football player,1967-10-17,57,50-65,Jennifer Rodriguez
C00761,Jasmine,Cooper,Paulfort,791782851,Postman,2001-06-23,23,Below 25,Jasmine Cooper
C00762,Cindy,White,Fordside,852482986,Fireman,1973-05-29,51,50-65,Cindy White
C00763,Kerry,Lewis,New James,5843635338,Soldier,1961-08-03,63,50-65,Kerry Lewis
C00764,George,Lopez,Kramerstad,2469169097,Engineer,2001-08-09,23,Below 25,George Lopez
C00765,Juan,Cox,Johnberg,6327895208,Surgeon,1922-07-15,102,65+,Juan Cox
C00766,Austin,Erickson,Andersontown,4003812559,Housekeeper,1930-04-07,94,65+,Austin Erickson
C00767,Evan,Jackson,North Melissachester,3692332359,Scientist,1930-05-21,94,65+,Evan Jackson
C00768,Valerie,Morris,Mariatown,9183258083,Construction worker,1949-07-29,75,65+,Valerie Morris
C00769,Andrew,Faulkner,Lake Cassandraside,8132168331,Reporter,1974-07-28,50,35-50,Andrew Faulkner
C00770,Tiffany,Sullivan,Maystad,8611341252,Waiter,1985-03-10,39,35-50,Tiffany Sullivan
C00771,Alexander,Lang,New Edwintown,5151411063,American football player,1923-04-09,101,65+,Alexander Lang
C00772,Michael,Benton,Jenniferborough,7851244152,Professor,1967-05-07,57,50-65,Michael Benton
C00773,Adam,Sanders,Popestad,8598862151,Surgeon,1946-01-12,78,65+,Adam Sanders
C00774,Ashlee,Day,Hobbston,6503910348,Doorman,1921-08-28,103,65+,Ashlee Day
C00775,Deborah,Pierce,New Staceyburgh,8801739281,Cameraman,2000-03-21,24,Below 25,Deborah Pierce
C00776,Wayne,Weaver,Ericburgh,8135830961,Waiter,1918-11-04,106,65+,Wayne Weaver
C00777,John,Jordan,New Andreashire,7872384569,Lifeguard,1949-09-04,75,65+,John Jordan
C00778,Christopher,Bauer,North Steven,5943308936,Construction worker,1915-03-18,109,65+,Christopher Bauer
C00779,James,Mccarthy,South Benjamin,5174678457,Gardener,1959-01-27,65,50-65,James Mccarthy
C00780,Sheryl,Carpenter,North Heather,2898120532,Surgeon,1945-12-02,79,65+,Sheryl Carpenter
C00781,Rhonda,Nguyen,Smithberg,7612611460,Priest,1958-07-20,66,65+,Rhonda Nguyen
C00782,Cynthia,Adams,Mallorychester,1426248998,Waiter,1973-11-21,51,50-65,Cynthia Adams
C00783,Elizabeth,Bautista,Evanburgh,691525030,Fireman,1987-09-04,37,35-50,Elizabeth Bautista
C00784,Hunter,Williamson,Deanside,4085152211,Carpenter,1982-11-29,42,35-50,Hunter Williamson
C00785,Luis,Hubbard,West Ryan,1354174052,Fireman,1957-11-14,67,65+,Luis Hubbard
C00786,Vincent,Clark,Morrisstad,8671348147,Housewife,1999-07-19,25,Below 25,Vincent Clark
C00787,James,Goodman,Silvaton,8688683209,Pope,1973-09-08,51,50-65,James Goodman
C00788,Rhonda,Patterson,Robertmouth,3386868822,Librarian,2000-04-17,24,Below 25,Rhonda Patterson
C00789,Stephen,Cox,Franklinstad,2247877309,Businessman,1949-05-15,75,65+,Stephen Cox
C00790,Jennifer,Pittman,South Richard,8735022019,Farmer,1997-03-01,27,25-35,Jennifer Pittman
C00791,Christopher,Howard,South Shelleymouth,3720485008,Secretary,1923-12-27,101,65+,Christopher Howard
C00792,Mark,Walters,South Aprilport,1147849545,Footballer,1949-06-20,75,65+,Mark Walters
C00793,Sandra,Riley,Breannaport,3770280680,Magician,1926-09-28,98,65+,Sandra Riley
C00794,Stacy,Torres,Port John,3348328403,Businessman,1961-08-14,63,50-65,Stacy Torres
C00795,Douglas,Smith,Lisafort,5230973604,Postman,1976-12-28,48,35-50,Douglas Smith
C00796,Lance,English,Castroport,8435139622,American football player,1974-07-09,50,35-50,Lance English
C00797,Justin,Mckinney,Carterfort,4734159575,Waiter,1936-10-29,88,65+,Justin Mckinney
C00798,Kristen,Banks,West Kathleen,7110412045,Flight attendant,1928-07-08,96,65+,Kristen Banks
C00799,Catherine,Chen,Port Barbara,6039749385,Professor,1933-10-09,91,65+,Catherine Chen
C00800,Brandon,Wilson,Barnesport,9777763338,Construction worker,1994-01-19,30,25-35,Brandon Wilson
C00801,Nicholas,Fleming,Jenniferside,5272627115,Carpenter,1954-12-19,70,65+,Nicholas Fleming
C00802,Charles,Petersen,Charlesberg,8266337211,Doorman,1956-11-28,68,65+,Charles Petersen
C00803,Gail,Lin,Harrisborough,3173426315,Farmer,1925-02-19,99,65+,Gail Lin
C00804,Cindy,Tanner,North Michael,764838061,Surgeon,1926-07-21,98,65+,Cindy Tanner
C00805,Jerry,Perry,Carrberg,5162476338,American football player,1954-06-07,70,65+,Jerry Perry
C00806,Amy,Tucker,New Heatherport,4374533394,Construction worker,1976-01-15,48,35-50,Amy Tucker
C00807,Melissa,Jones,New Michaeltown,6775341866,Librarian,1994-02-20,30,25-35,Melissa Jones
C00808,Eric,Kelley,Susanburgh,8954616478,Scientist,1937-07-08,87,65+,Eric Kelley
C00809,Richard,Bridges,Nicholasland,8149409857,Flight attendant,1913-07-12,111,65+,Richard Bridges
C00810,Michael,Williams,Lake Erinmouth,4084640555,Housewife,1915-01-20,109,65+,Michael Williams
C00811,Janet,Johnson,Richardfort,6803294387,Police officer,1947-05-30,77,65+,Janet Johnson
C00812,Melissa,Ewing,East Elizabeth,9534178754,Cameraman,1944-02-25,80,65+,Melissa Ewing
C00813,Adam,Allen,Lynchtown,1695367276,Nurse,1922-11-28,102,65+,Adam Allen
C00814,Susan,Stevens,Wallschester,515780196,Magician,1969-02-13,55,50-65,Susan Stevens
C00815,Tonya,Olson,Jamesbury,5056789341,Clown,1959-07-29,65,50-65,Tonya Olson
C00816,Janice,Mccarthy,Chrisfurt,3285256045,Flight attendant,1991-01-23,33,25-35,Janice Mccarthy
C00817,Stephanie,Jones,New Kaitlin,7635578112,Photographer,1963-06-16,61,50-65,Stephanie Jones
C00818,Amy,Brown,Reidtown,7860540319,Scientist,1914-05-01,110,65+,Amy Brown
C00819,Bruce,Walker,Powelltown,5542874222,Journalist,1943-09-12,81,65+,Bruce Walker
C00820,Harry,Morales,North John,4631881827,Fireman,1939-04-02,85,65+,Harry Morales
C00821,Brian,Mitchell,Lake Sergio,2588669755,Housekeeper,1964-01-07,60,50-65,Brian Mitchell
C00822,Joseph,Fernandez,Stephanieton,8223581040,Police officer,1927-06-27,97,65+,Joseph Fernandez
C00823,Brandon,Booth,South Johnhaven,3079426140,Gardener,1993-03-06,31,25-35,Brandon Booth
C00824,Leah,Hart,Mariaport,735511110,Engineer,1971-11-01,53,50-65,Leah Hart
C00825,Jason,Green,Gonzalezbury,174106137,Scientist,1981-11-10,43,35-50,Jason Green
C00826,Kelly,Evans,Brookston,2447267326,Flight attendant,1913-09-03,111,65+,Kelly Evans
C00827,Timothy,Holt,East Erinmouth,9739137978,Engineer,1960-12-24,64,50-65,Timothy Holt
C00828,Dustin,Shah,Jacobsstad,4683075509,Dentist,1983-01-01,41,35-50,Dustin Shah
C00829,Michael,Robinson,Johnside,175632727,Boxer,1949-05-17,75,65+,Michael Robinson
C00830,Scott,Bailey,Lake Sarahfurt,4275124872,Businessman,1956-06-18,68,65+,Scott Bailey
C00831,James,Vaughn,Cruzstad,8722085209,Carpenter,1991-08-31,33,25-35,James Vaughn
C00832,James,Dillon,Sylviaside,1221058040,Train conductor,1922-08-11,102,65+,James Dillon
C00833,Barry,Steele,Jeffreybury,2613386127,Diver,1975-12-10,49,35-50,Barry Steele
C00834,Michael,Martin,Lopezburgh,3342141941,Priest,1916-08-02,108,65+,Michael Martin
C00835,Steven,Wright,Port Gwendolynside,9945410981,Magician,1927-07-10,97,65+,Steven Wright
C00836,Matthew,Evans,South Shannonport,9642944592,Soldier,1984-09-29,40,35-50,Matthew Evans
C00837,Garrett,Neal,South David,123195136,Foreman,1912-12-13,112,65+,Garrett Neal
C00838,Joseph,Miller,Lake Karen,3056946215,Photographer,1948-12-14,76,65+,Joseph Miller
C00839,David,Lewis,Jacobmouth,4368597278,Housekeeper,1975-06-26,49,35-50,David Lewis
C00840,Brad,Austin,New Joelville,8450246752,Pope,1953-03-20,71,65+,Brad Austin
C00841,Elizabeth,Cooke,South Michael,9847145697,Professor,1920-12-24,104,65+,Elizabeth Cooke
C00842,Jennifer,Love,East Josetown,905594735,Detective,1960-04-11,64,50-65,Jennifer Love
C00843,Christopher,Walker,Port Tina,7526955029,Fireman,1935-06-10,89,65+,Christopher Walker
C00844,Matthew,Hernandez,West Gregoryview,9093477979,Geisha,1917-11-29,107,65+,Matthew Hernandez
C00845,William,Murphy,Gonzalezbury,6451992384,Waiter,1989-09-10,35,25-35,William Murphy
C00846,Lori,Simon,Johnsonfurt,3967954800,Lifeguard,2001-10-30,23,Below 25,Lori Simon
C00847,Shannon,Jackson,Smithstad,414014924,Police officer,1948-08-24,76,65+,Shannon Jackson
C00848,Dawn,Nichols,Smithmouth,999911222,Singer,1999-02-04,25,Below 25,Dawn Nichols
C00849,Briana,Harris,Hudsonfort,3244002549,Detective,1925-03-24,99,65+,Briana Harris
C00850,Ann,Hayes,Frankfurt,2758727067,Carpenter,1985-11-04,39,35-50,Ann Hayes
C00851,Jonathan,Shaw,North Michael,8427061657,Reporter,1977-02-06,47,35-50,Jonathan Shaw
C00852,Jennifer,Williams,Andrefort,2079070642,Clown,2004-11-02,20,Below 25,Jennifer Williams
C00853,David,Russell,Douglasside,7835260138,Foreman,1979-07-19,45,35-50,David Russell
C00854,Justin,Gregory,West Bailey,8112453556,Businessman,1941-11-14,83,65+,Justin Gregory
C00855,James,Rodriguez,Elizabethborough,6364850321,Boxer,1934-06-30,90,65+,James Rodriguez
C00856,Rachel,Marquez,East Glennview,4892302789,Repairman,1925-05-21,99,65+,Rachel Marquez
C00857,Mark,Nelson,South Robinberg,5031730601,Catholic nun,1916-08-19,108,65+,Mark Nelson
C00858,Carly,Vaughn,Kevintown,6564128042,Doorman,1916-05-30,108,65+,Carly Vaughn
C00859,Amanda,Marshall,East Bobbyland,3853228238,Engineer,1967-12-22,57,50-65,Amanda Marshall
C00860,Cassandra,Sanford,East Lindaburgh,7218761876,Singer,1954-09-07,70,65+,Cassandra Sanford
C00861,Donald,Fritz,Andresville,5831029566,Scientist,1984-02-20,40,35-50,Donald Fritz
C00862,Christopher,Peters,New Joann,9435922581,Carpenter,1982-02-14,42,35-50,Christopher Peters
C00863,Darren,Kennedy,Barrettbury,359136679,Catholic nun,1938-05-31,86,65+,Darren Kennedy
C00864,Eric,Patterson,Jeromeport,8584766614,Pope,1965-03-17,59,50-65,Eric Patterson
C00865,Kimberly,Brown,West Brittanystad,8282721747,Lifeguard,1916-05-16,108,65+,Kimberly Brown
C00866,David,Chung,Wheelertown,8399992076,Housewife,1971-04-16,53,50-65,David Chung
C00867,Kenneth,Mckee,West Carolchester,7768428492,Soldier,1965-04-25,59,50-65,Kenneth Mckee
C00868,Amy,Johnson,West Martinton,3271933049,Repairman,1955-01-21,69,65+,Amy Johnson
C00869,Ashley,Knight,Port Kimberly,9081744978,Soldier,1922-10-29,102,65+,Ashley Knight
C00870,Ashley,Diaz,Michellefurt,836787479,Nurse,1936-05-09,88,65+,Ashley Diaz
C00871,Courtney,Morris,Cliffordfurt,9881486710,Builder,1965-03-02,59,50-65,Courtney Morris
C00872,Elizabeth,Stone,East Anna,5146832353,Dentist,1936-07-18,88,65+,Elizabeth Stone
C00873,William,Giles,West Roberthaven,9978483516,Forest ranger,1972-03-28,52,50-65,William Giles
C00874,Michael,Bruce,Port Kevintown,3050433431,Housekeeper,2001-06-05,23,Below 25,Michael Bruce
C00875,Frederick,Holmes,Bryanfurt,662769649,Paramedic,1950-07-23,74,65+,Frederick Holmes
C00876,Danielle,Keller,North Brandonstad,6023465794,Businessman,1998-08-25,26,25-35,Danielle Keller
C00877,Ronald,Oneill,Daughertychester,1918250415,Farmer,1920-11-15,104,65+,Ronald Oneill
C00878,David,Simmons,Jacobport,4600134653,Soldier,1963-04-22,61,50-65,David Simmons
C00879,Amanda,Young,Gutierrezstad,1323059019,Electrician,1927-07-14,97,65+,Amanda Young
C00880,Katherine,Carrillo,West Corymouth,2096391133,Lifeguard,1982-10-01,42,35-50,Katherine Carrillo
C00881,Michelle,Anderson,Johnsonland,9645046086,Foreman,1991-08-24,33,25-35,Michelle Anderson
C00882,Nichole,Jackson,North Lisabury,5124765329,Priest,1992-01-01,32,25-35,Nichole Jackson
C00883,Brandon,Washington,Harrisville,2323161271,Farmer,1988-09-26,36,35-50,Brandon Washington
C00884,Gregory,Novak,Hernandezland,4147887823,Architect,1941-05-24,83,65+,Gregory Novak
C00885,Drew,Mills,Port Ellenton,7584409518,Flight attendant,1977-09-03,47,35-50,Drew Mills
C00886,Terry,Orozco,Lake Blake,1434651331,American football player,1923-09-24,101,65+,Terry Orozco
C00887,Hannah,Peters,Port Whitney,7442524708,Repairman,1936-02-13,88,65+,Hannah Peters
C00888,Jesus,Roth,Pughside,1576207837,Farmer,1939-08-11,85,65+,Jesus Roth
C00889,Anna,Dominguez,Antonioside,7414780993,Housekeeper,1924-09-25,100,65+,Anna Dominguez
C00890,Laura,Turner,Johnsonfurt,4326135637,Pilot,1990-01-10,34,25-35,Laura Turner
C00891,Brian,Rubio,South Davidbury,2830890057,Clown,1961-05-24,63,50-65,Brian Rubio
C00892,Joseph,Lewis,East Bobby,2439160797,Catholic nun,1920-12-01,104,65+,Joseph Lewis
C00893,Kristina,Lawrence,Jacksonfurt,6853157377,Housekeeper,1980-11-03,44,35-50,Kristina Lawrence
C00894,Leonard,Vance,Amyside,2165023744,Gardener,1972-11-21,52,50-65,Leonard Vance
C00895,Nicholas,Vasquez,Ashleyville,4635937173,Mechanic,1967-04-14,57,50-65,Nicholas Vasquez
C00896,Amy,Horton,Reynoldsmouth,8555506863,Police officer,1925-07-22,99,65+,Amy Horton
C00897,Melissa,Weber,Mistybury,5066397447,Detective,1932-11-11,92,65+,Melissa Weber
C00898,Dana,Cameron,Ashleyview,980053291,Dentist,1992-08-25,32,25-35,Dana Cameron
C00899,Olivia,Erickson,Lamhaven,5325852414,Salesman,1980-07-01,44,35-50,Olivia Erickson
C00900,Sherry,Lee,Jesusburgh,5482875566,Housekeeper,1975-08-15,49,35-50,Sherry Lee
C00901,Mary,Coleman,South Deannaberg,2014098367,Diver,1916-06-22,108,65+,Mary Coleman
C00902,David,Green,Lake Marietown,1454003738,Photographer,1951-01-18,73,65+,David Green
C00903,Michael,Johnson,East David,4976188406,Doorman,1958-10-11,66,65+,Michael Johnson
C00904,Teresa,Vargas,Lake Rubenborough,3735780537,Scientist,1921-04-08,103,65+,Teresa Vargas
C00905,Stephanie,Harrison,Parsonsmouth,3893698685,Electrician,1971-12-02,53,50-65,Stephanie Harrison
C00906,William,Ruiz,Port Sandraview,9481669709,Construction worker,1979-05-27,45,35-50,William Ruiz
C00907,Joyce,Miller,Ryantown,644166800,Scientist,1922-01-19,102,65+,Joyce Miller
C00908,Anthony,Diaz,Millertown,7880972227,Photographer,1949-11-24,75,65+,Anthony Diaz
C00909,Michael,Arias,Port Maryberg,6062253264,Fireman,1987-12-31,37,35-50,Michael Arias
C00910,Nicole,Howard,Pattyfort,1160498755,Footballer,1977-02-05,47,35-50,Nicole Howard
C00911,Wendy,Pena,North Jeanne,6141739937,Waiter,1952-12-30,72,65+,Wendy Pena
C00912,Alicia,Wright,New Markshire,4133814272,Mechanic,1913-07-04,111,65+,Alicia Wright
C00913,Kathryn,Baker,Lake Jenniferport,3530504422,Librarian,1930-05-17,94,65+,Kathryn Baker
C00914,Eric,Duffy,North Joshuaville,2543249733,Postman,1950-12-02,74,65+,Eric Duffy
C00915,Jeffrey,Johnson,Kimville,2348314392,Secretary,1917-09-02,107,65+,Jeffrey Johnson
C00916,Julie,Delgado,North Michael,3884882211,Boxer,1922-09-05,102,65+,Julie Delgado
C00917,Stephen,Wood,North Amberburgh,731495408,Businessman,1998-01-06,26,25-35,Stephen Wood
C00918,Melissa,Taylor,South Michelleside,6837637885,Waiter,1960-08-19,64,50-65,Melissa Taylor
C00919,Janice,Gill,Jonathanchester,309476038,Repairman,1951-10-19,73,65+,Janice Gill
C00920,Jennifer,Young,North Alejandrofort,7609174982,Paramedic,1952-11-04,72,65+,Jennifer Young
C00921,Stephen,Mcmillan,Mclaughlinborough,9985632957,Postman,1961-11-07,63,50-65,Stephen Mcmillan
C00922,Cassie,Rodriguez,Thompsonville,5161975600,Flight attendant,1964-11-04,60,50-65,Cassie Rodriguez
C00923,Angela,Carlson,Velasquezport,2118787910,Librarian,1921-03-05,103,65+,Angela Carlson
C00924,Kenneth,Moses,Deanhaven,9891089905,Detective,1993-09-19,31,25-35,Kenneth Moses
C00925,Hunter,Reed,Coffeyfort,8725966903,Professor,1990-12-12,34,25-35,Hunter Reed
C00926,Jason,Morales,Port Laura,1201188875,Professor,1942-04-13,82,65+,Jason Morales
C00927,Christopher,Lopez,Lake Victoriashire,1543300933,Dentist,1939-01-13,85,65+,Christopher Lopez
C00928,Susan,Humphrey,Port Jasmine,4894122336,Scientist,1963-06-22,61,50-65,Susan Humphrey
C00929,Tanya,Webb,Lake Ralphfort,858920813,Flight attendant,1957-07-21,67,65+,Tanya Webb
C00930,Margaret,Freeman,Cooktown,3424891520,Carpenter,1920-01-14,104,65+,Margaret Freeman
C00931,Kyle,Conley,Port Raymond,7543319270,Scientist,1966-12-29,58,50-65,Kyle Conley
C00932,David,Allen,East Adam,2896218913,Photographer,2001-05-04,23,Below 25,David Allen
C00933,Samuel,Garner,Fordhaven,4793787508,Student,1925-07-21,99,65+,Samuel Garner
C00934,Steven,Garcia,Lake Micheleberg,7967898774,Builder,2001-09-24,23,Below 25,Steven Garcia
C00935,Derek,Bass,Mcdanielport,7485288175,Footballer,2002-05-16,22,Below 25,Derek Bass
C00936,Heather,Nguyen,West Joan,3464212534,Pope,1957-02-19,67,65+,Heather Nguyen
C00937,Joseph,Maynard,North Angela,6443520998,Builder,1975-04-02,49,35-50,Joseph Maynard
C00938,Cheryl,Cooper,Patriciaberg,1209055433,Clown,1914-09-06,110,65+,Cheryl Cooper
C00939,Charles,Coleman,West Monicamouth,5841527064,Paramedic,1997-01-31,27,25-35,Charles Coleman
C00940,Donna,Davis,South Brian,7141944554,Diver,1943-06-27,81,65+,Donna Davis
C00941,Diana,Santos,North Taylorfort,1690146509,Builder,1921-04-25,103,65+,Diana Santos
C00942,Kathleen,Lopez,Lake Jacob,484756783,Housewife,1938-03-18,86,65+,Kathleen Lopez
C00943,Andrew,Williams,Dudleyborough,657135120,Student,1913-05-27,111,65+,Andrew Williams
C00944,Heidi,Mcgee,Port Kristinatown,1443919123,Professor,1920-03-28,104,65+,Heidi Mcgee
C00945,Kyle,Weaver,Nathanmouth,2198352318,Boxer,1970-01-26,54,50-65,Kyle Weaver
C00946,Lucas,Morris,West Kyle,9106721717,Nurse,1973-06-30,51,50-65,Lucas Morris
C00947,Vanessa,Tyler,Ginaburgh,5305938257,Housekeeper,1970-01-11,54,50-65,Vanessa Tyler
C00948,Joel,Underwood,South Danielle,9555039300,Journalist,1944-10-09,80,65+,Joel Underwood
C00949,Stephanie,Frazier,Danielbury,8047207296,Dentist,1913-07-12,111,65+,Stephanie Frazier
C00950,Matthew,Sutton,Hannaland,657319332,Librarian,1936-02-21,88,65+,Matthew Sutton
C00951,Christina,Perez,Moyershire,1493101154,Secretary,1928-05-24,96,65+,Christina Perez
C00952,Amy,Carr,Mckeeside,7574147258,Librarian,1920-07-26,104,65+,Amy Carr
C00953,Matthew,Kelley,Brittanybury,5029242434,Businessman,1962-03-10,62,50-65,Matthew Kelley
C00954,Kathleen,Smith,Lukefurt,7492172863,Paramedic,1953-11-29,71,65+,Kathleen Smith
C00955,Derek,Moore,Floresstad,2126219211,Foreman,1964-12-19,60,50-65,Derek Moore
C00956,Amanda,Alexander,Lake Yvetteberg,1194137495,Train conductor,1974-06-23,50,35-50,Amanda Alexander
C00957,Leah,Owens,West John,2793146299,Diver,1968-10-23,56,50-65,Leah Owens
C00958,Janice,Lucas,Tatemouth,5444056395,Builder,1991-05-29,33,25-35,Janice Lucas
C00959,Kristi,Stevenson,Timothyview,6378158905,Pilot,1913-02-04,111,65+,Kristi Stevenson
C00960,Joseph,Castro,Danielshire,1216768964,Police officer,1962-06-22,62,50-65,Joseph Castro
C00961,Doris,Herrera,South Shellyfort,8158108431,Pilot,1979-01-28,45,35-50,Doris Herrera
C00962,Cheryl,Johnson,Martinfort,5198732246,Fireman,1950-06-11,74,65+,Cheryl Johnson
C00963,Vincent,Mcdonald,Mejiachester,7173162148,Housewife,1984-12-20,40,35-50,Vincent Mcdonald
C00964,David,Burns,Williammouth,3987162861,Carpenter,2000-01-05,24,Below 25,David Burns
C00965,Carol,Fischer,North Julieside,1848740091,Pope,1988-05-14,36,35-50,Carol Fischer
C00966,James,Gibson,Reedland,8802391481,Student,1947-12-23,77,65+,James Gibson
C00967,Bridget,Oconnor,Autumnbury,5716546819,Footballer,1945-02-01,79,65+,Bridget Oconnor
C00968,Gerald,Johnson,Bryantfurt,5511101836,Police officer,2002-05-26,22,Below 25,Gerald Johnson
C00969,Matthew,Brock,New Erictown,9822666490,Boxer,1989-11-23,35,25-35,Matthew Brock
C00970,Christine,Adams,New Brittany,1734311756,Mechanic,1931-06-20,93,65+,Christine Adams
C00971,Christine,Pearson,New Lance,5813105459,Secretary,1957-03-23,67,65+,Christine Pearson
C00972,Christine,Walsh,Jaymouth,9863755144,Journalist,1959-09-18,65,50-65,Christine Walsh
C00973,Steven,Nunez,Robertside,483928708,Geisha,1994-04-24,30,25-35,Steven Nunez
C00974,Alicia,Huang,Melissaland,2068358853,Magician,2005-01-19,19,Below 25,Alicia Huang
C00975,Marc,Lane,Port Patricia,2504209590,Paramedic,1981-02-20,43,35-50,Marc Lane
C00976,Michael,Stewart,West Garyside,8215768116,Diver,1970-07-05,54,50-65,Michael Stewart
C00977,Charles,Davis,North Kayleestad,6024930775,Housewife,2005-02-15,19,Below 25,Charles Davis
C00978,Jennifer,White,East Miranda,7446078882,Student,1962-06-06,62,50-65,Jennifer White
C00979,Michelle,Scott,Smithland,3086393529,Cameraman,1956-02-10,68,65+,Michelle Scott
C00980,Dominique,Sanchez,Lake Chase,8805076486,Priest,1939-02-16,85,65+,Dominique Sanchez
C00981,John,Nielsen,Davidfort,5119602391,Diver,1990-04-10,34,25-35,John Nielsen
C00982,James,Davis,North Sarah,892651819,Dentist,1929-09-20,95,65+,James Davis
C00983,Calvin,Coleman,Williamsstad,1113282972,Salesman,1919-09-30,105,65+,Calvin Coleman
C00984,James,Mccarthy,Jennifermouth,6575470241,Doorman,2003-02-27,21,Below 25,James Mccarthy
C00985,Alex,Dorsey,Millerport,9642287010,Nurse,1966-07-29,58,50-65,Alex Dorsey
C00986,Deanna,Morris,West Michael,164121074,Secretary,1928-06-03,96,65+,Deanna Morris
C00987,Victoria,Sellers,South Jonathanberg,3379428290,Forest ranger,1938-02-27,86,65+,Victoria Sellers
C00988,Brandon,Maddox,New Davidstad,5016632549,Flight attendant,1962-04-30,62,50-65,Brandon Maddox
C00989,Austin,Rivers,Wilsonport,6086413234,Lifeguard,1975-12-27,49,35-50,Austin Rivers
C00990,Jose,Lopez,Graceland,4257945458,Magician,1990-11-10,34,25-35,Jose Lopez
C00991,Kimberly,Andrade,New Tracimouth,640343202,Photographer,1914-08-23,110,65+,Kimberly Andrade
C00992,Devin,Ochoa,Wilsonstad,1069732046,Waiter,2003-12-22,21,Below 25,Devin Ochoa
C00993,Virginia,Cunningham,Justinborough,9141594086,Paramedic,1958-02-07,66,65+,Virginia Cunningham
C00994,Elaine,Harris,East Ernest,9784051920,Photographer,1965-11-05,59,50-65,Elaine Harris
C00995,Jesus,Martin,Karenland,1605761085,Boxer,2000-07-08,24,Below 25,Jesus Martin
C00996,James,Reid,New Jamesburgh,6203461985,Photographer,1920-10-13,104,65+,James Reid
C00997,Stephanie,Harper,Angelaborough,8420685376,Flight attendant,1926-10-20,98,65+,Stephanie Harper
C00998,Roy,Graham,South Brendaport,9185866377,Priest,1927-04-23,97,65+,Roy Graham
C00999,Robert,Moore,North Christytown,2353092601,Waiter,1988-11-12,36,35-50,Robert Moore
C01000,Aaron,Schneider,South Michaelside,4756709134,Priest,1985-04-10,39,35-50,Aaron Schneider
C00001,Richard,Mata,Alexanderton,7668135926,Dentist,1961-07-12,63,50-65,Richard Mata
C00002,Adriana,Khan,Ramosborough,6519824600,Singer,1932-12-04,92,65+,Adriana Khan
C00003,Kim,Joseph,North Paulfort,5999824911,Lunchroom supervisor,1978-02-18,46,35-50,Kim Joseph
C00004,Lisa,Spencer,East Erin,5732856952,Lifeguard,1931-03-07,93,65+,Lisa Spencer
C00005,Crystal,Clark,East Sean,1250466297,Painter,1993-03-17,31,25-35,Crystal Clark
C00006,Tyler,Hernandez,Gregoryshire,8685367672,Priest,1927-11-09,97,65+,Tyler Hernandez
C00007,Joseph,Evans,East William,1239407729,Housekeeper,1942-11-10,82,65+,Joseph Evans
C00008,Kim,Reeves,Gallegosland,2808338703,Footballer,1920-03-21,104,65+,Kim Reeves
C00009,Ryan,Jones,Reginaldfurt,7231981710,Flight attendant,1921-06-15,103,65+,Ryan Jones
C00010,Patty,Stevens,New Casey,3164308191,Reporter,1921-05-19,103,65+,Patty Stevens
C00011,April,Hernandez,Oliverbury,6090292014,Dentist,1939-10-29,85,65+,April Hernandez
C00012,Catherine,Forbes,North Miranda,8849006923,Doorman,1950-01-15,74,65+,Catherine Forbes
C00013,Colleen,Watts,Smithfurt,5884119098,Carpenter,1999-06-01,25,Below 25,Colleen Watts
C00014,Christopher,Farrell,East Dillonville,4854711216,Housekeeper,1942-04-14,82,65+,Christopher Farrell
C00015,Richard,Torres,Port Emily,9401463673,Train conductor,1921-12-06,103,65+,Richard Torres
C00016,Brandon,Cantrell,Joshuaton,2611770588,Pirate,1918-09-14,106,65+,Brandon Cantrell
C00017,Julie,Melendez,Annaland,6246095087,Pilot,1958-05-19,66,65+,Julie Melendez
C00018,Robert,Williams,West Ericmouth,3416544301,Police officer,1915-07-31,109,65+,Robert Williams
C00019,Lori,Rios,Lake Brooketown,1767461962,Forest ranger,1985-02-11,39,35-50,Lori Rios
C00020,Erik,Hunt,Port Robert,7666805116,Pope,1941-12-18,83,65+,Erik Hunt
C00021,Stacy,Moore,Jordantown,281614579,Fireman,1956-10-13,68,65+,Stacy Moore
C00022,James,Roach,Thorntonhaven,5515767151,Reporter,1922-01-08,102,65+,James Roach
C00023,Ronald,Kim,North Timothymouth,4341932609,Scientist,1927-08-23,97,65+,Ronald Kim
C00024,Rodney,Gray,Shannonport,1150490210,Nurse,1948-11-25,76,65+,Rodney Gray
C00025,Ryan,Bradley,Kellyshire,8949335848,Painter,1918-03-23,106,65+,Ryan Bradley
C00026,Virginia,Oneill,South Christopher,9570304704,Electrician,1997-08-27,27,25-35,Virginia Oneill
C00027,Victoria,Marsh,Jasmineburgh,3516746992,Electrician,1967-09-08,57,50-65,Victoria Marsh
C00028,Erika,West,Woodsshire,4910532354,Salesman,2004-03-16,20,Below 25,Erika West
C00029,Sydney,Jones,Lukeborough,9859181206,Singer,1936-08-19,88,65+,Sydney Jones
C00030,Aaron,Olson,South Raymond,3524375316,Construction worker,1983-08-06,41,35-50,Aaron Olson
C00031,Sarah,Baker,Jessicafort,5630941924,Catholic nun,2001-11-13,23,Below 25,Sarah Baker
C00032,Francisco,Dougherty,East Jenniferberg,8443498414,Gardener,1937-11-24,87,65+,Francisco Dougherty
C00033,Debra,Medina,New Tracy,3625309204,Engineer,1916-01-24,108,65+,Debra Medina
C00034,William,Buchanan,Port Todd,459167057,Pope,1996-09-06,28,25-35,William Buchanan
C00035,Patrick,Pruitt,Lake John,5595137917,Businessman,2004-02-07,20,Below 25,Patrick Pruitt
C00036,Jacob,Novak,Port Dianaville,7718984385,Reporter,1930-05-01,94,65+,Jacob Novak
C00037,Melanie,Hooper,South Julieberg,4096811993,Soldier,1940-02-02,84,65+,Melanie Hooper
C00038,Robert,Massey,Mathewsmouth,2742124601,Mechanic,1974-04-22,50,35-50,Robert Massey
C00039,Robert,Mcgrath,New Sierrabury,7276384921,Housewife,1974-07-05,50,35-50,Robert Mcgrath
C00040,Timothy,Tucker,New John,5655808821,Foreman,1961-07-07,63,50-65,Timothy Tucker
C00041,Jennifer,Johnson,East Thomasbury,1329777516,Diver,1928-08-27,96,65+,Jennifer Johnson
C00042,Stephen,Foster,Walkerstad,6274863256,Train conductor,1915-04-04,109,65+,Stephen Foster
C00043,Rebecca,Weeks,Port John,1612057865,Businessman,1946-07-15,78,65+,Rebecca Weeks
C00044,Janice,Mcknight,East Andrew,5356291057,Police officer,1950-07-04,74,65+,Janice Mcknight
C00045,Robert,Nguyen,East Benjamin,5458406046,Electrician,1938-04-03,86,65+,Robert Nguyen
C00046,Kim,Mullins,Coltonhaven,4649184857,Magician,1936-12-11,88,65+,Kim Mullins
C00047,Amy,Martinez,Trujillochester,9373679944,Singer,1965-02-24,59,50-65,Amy Martinez
C00048,Margaret,Atkinson,Silvahaven,6471199418,Flight attendant,1926-11-26,98,65+,Margaret Atkinson
C00049,Angela,Robles,North Desiree,9547349271,Painter,1976-02-01,48,35-50,Angela Robles
C00050,Rebecca,Daniel,Jacobmouth,72382839,Pope,1919-02-27,105,65+,Rebecca Daniel
C00051,Raymond,Harris,West Georgeton,1268804650,Pilot,1922-06-08,102,65+,Raymond Harris
C00052,Patricia,Meyer,Port Arianaville,4926222658,Photographer,1939-10-06,85,65+,Patricia Meyer
C00053,Andrew,Anderson,Rebeccafort,6032525923,Carpenter,1944-03-15,80,65+,Andrew Anderson
C00054,Adam,Shelton,Andersonton,5374559239,Repairman,1959-12-31,65,50-65,Adam Shelton
C00055,Brandy,Wise,East Alexander,4345964165,Photographer,1922-02-19,102,65+,Brandy Wise
C00056,Steven,Serrano,Brownville,8289665830,Pirate,1959-03-09,65,50-65,Steven Serrano
C00057,Ashley,Snyder,Lanefurt,5278842430,Singer,1948-09-20,76,65+,Ashley Snyder
C00058,Amanda,Zimmerman,North Edwardborough,9399167795,Engineer,1998-03-30,26,25-35,Amanda Zimmerman
C00059,Tony,Patterson,Port Amanda,1503900562,Police officer,1916-01-09,108,65+,Tony Patterson
C00060,Robert,Keller,West Brittanyshire,5483041763,Priest,1928-03-22,96,65+,Robert Keller
C00061,Kellie,Dunn,Parkerfort,5058988088,Forest ranger,1989-05-04,35,25-35,Kellie Dunn
C00062,Heather,Miller,Barbarabury,4898901970,Singer,1942-05-30,82,65+,Heather Miller
C00063,Erin,Brooks,South Mauriceport,1481569908,Lifeguard,1963-11-28,61,50-65,Erin Brooks
C00064,Jenna,Buckley,South Amy,2311879307,Catholic nun,1981-08-23,43,35-50,Jenna Buckley
C00065,Samuel,Olson,South Ashley,8789880420,Architect,1927-03-01,97,65+,Samuel Olson
C00066,Richard,Alvarez,South Katherineberg,5669997936,Pope,1960-11-04,64,50-65,Richard Alvarez
C00067,Jacob,Adams,West Benjaminfort,5030471059,Builder,1945-02-23,79,65+,Jacob Adams
C00068,Alicia,Coleman,Mcdanielfurt,6302689987,Fireman,1931-06-30,93,65+,Alicia Coleman
C00069,April,Peterson,Lake Michaelville,5985102109,Singer,1979-12-12,45,35-50,April Peterson
C00070,Kyle,Golden,South Jennifermouth,9799982134,Pope,1960-06-17,64,50-65,Kyle Golden
C00071,Amber,Wilkerson,Staffordview,3079184927,Forest ranger,1997-06-21,27,25-35,Amber Wilkerson
C00072,Brett,Campbell,Shermanbury,6611061792,Repairman,1962-12-01,62,50-65,Brett Campbell
C00073,Jacob,Washington,South Jennifer,7854940818,Salesman,1960-10-19,64,50-65,Jacob Washington
C00074,Jerry,Mcdaniel,Beckyland,3924823777,Forest ranger,1918-09-04,106,65+,Jerry Mcdaniel
C00075,Glenn,Taylor,Danmouth,3360327897,Pirate,1942-08-04,82,65+,Glenn Taylor
C00076,Alexandria,Levy,Port Carol,3056105375,Soldier,1985-09-05,39,35-50,Alexandria Levy
C00077,Monique,Brown,Ashleychester,1757394899,Builder,1994-02-01,30,25-35,Monique Brown
C00078,Adam,Holland,Timothyview,1917084258,Boxer,1966-07-26,58,50-65,Adam Holland
C00079,Donald,Cherry,Port Jeremy,5574489113,Engineer,2005-03-15,19,Below 25,Donald Cherry
C00080,Michael,Smith,Gregorychester,2736518286,Clown,1999-08-08,25,Below 25,Michael Smith
C00081,Amy,Bell,Jenniferville,3369813367,Flight attendant,1949-08-21,75,65+,Amy Bell
C00082,Carol,Price,Lake Ashlee,1608617197,Singer,1986-08-09,38,35-50,Carol Price
C00083,Caitlin,Anderson,Rebeccaberg,6599222804,Pirate,1921-04-18,103,65+,Caitlin Anderson
C00084,Yvonne,Massey,North Williamberg,9741373070,Magician,1975-01-11,49,35-50,Yvonne Massey
C00085,Jesse,Sutton,Blackwellport,9223401009,Housewife,1961-06-18,63,50-65,Jesse Sutton
C00086,Christian,Green,Floresborough,2670496357,Diver,1943-09-15,81,65+,Christian Green
C00087,Thomas,Reeves,Arellanohaven,8770571499,Housewife,1943-05-08,81,65+,Thomas Reeves
C00088,Barbara,Flores,New William,3384098295,Diver,1920-04-17,104,65+,Barbara Flores
C00089,Emily,Johnson,West Hannahchester,4260221489,Doorman,1965-12-15,59,50-65,Emily Johnson
C00090,Michael,Greene,East Jennifertown,9087501178,Clown,1944-08-27,80,65+,Michael Greene
C00091,Ryan,Montgomery,Mariahton,5121822898,Repairman,1949-12-02,75,65+,Ryan Montgomery
C00092,Shawn,Rodriguez,Solomonville,4730251072,Geisha,1975-10-20,49,35-50,Shawn Rodriguez
C00093,Melissa,Thompson,West Anthonyburgh,5450915658,Detective,1948-11-09,76,65+,Melissa Thompson
C00094,Kimberly,Murray,New Megan,9989174156,Train conductor,1923-01-31,101,65+,Kimberly Murray
C00095,Dominique,Olson,Mooreside,5441794600,Construction worker,1959-12-05,65,50-65,Dominique Olson
C00096,Michael,Thomas,New Kimberly,2306426187,Engineer,1950-01-11,74,65+,Michael Thomas
C00097,Tara,Cannon,West Natalieland,1510939362,Scientist,2002-09-11,22,Below 25,Tara Cannon
C00098,Whitney,Abbott,Lake Tylerville,1556183287,Nurse,1988-12-23,36,35-50,Whitney Abbott
C00099,Carol,Garcia,Harrisfurt,780807767,Businessman,1974-05-13,50,35-50,Carol Garcia
C00100,Harry,Bryant,Underwoodville,153570703,Mechanic,1917-12-23,107,65+,Harry Bryant
C00101,Mark,Stewart,South Joseph,7128838943,Magician,1952-04-16,72,65+,Mark Stewart
C00102,John,Gonzalez,West Kyleborough,8109762397,Doorman,1986-09-20,38,35-50,John Gonzalez
C00103,Lisa,Thompson,Thomasberg,3339661781,Postman,1989-05-17,35,25-35,Lisa Thompson
C00104,Shannon,Meyer,Troyberg,9027008508,Builder,1935-02-15,89,65+,Shannon Meyer
C00105,Barbara,King,Paulmouth,8848044424,Librarian,1952-03-02,72,65+,Barbara King
C00106,Todd,Blackburn,Port Kaitlyn,9955291803,Diver,1931-06-01,93,65+,Todd Blackburn
C00107,Julie,Harris,Reyesshire,646654969,Soldier,1954-07-02,70,65+,Julie Harris
C00108,Erica,Mccoy,Port Jennifer,8804135161,Waiter,1930-12-27,94,65+,Erica Mccoy
C00109,Adam,Graham,Sherrymouth,6040016226,Professor,1987-06-27,37,35-50,Adam Graham
C00110,Brittney,Lopez,Brendatown,5437501836,Geisha,1917-02-07,107,65+,Brittney Lopez
C00111,Kelsey,Mendez,Cherylside,323278699,Secretary,1918-11-24,106,65+,Kelsey Mendez
C00112,Lauren,Perez,Tiffanyfort,4966226811,Catholic nun,1956-09-30,68,65+,Lauren Perez
C00113,Gregory,Lindsey,North Sydney,3940809184,Detective,2002-10-15,22,Below 25,Gregory Lindsey
C00114,Katie,Sharp,Pollardstad,118031062,Professor,1948-12-30,76,65+,Katie Sharp
C00115,Matthew,Schmitt,Maryview,6398604869,Flight attendant,1938-09-04,86,65+,Matthew Schmitt
C00116,Tara,Davenport,Lake Jeremyberg,8621234295,Dentist,1946-08-31,78,65+,Tara Davenport
C00117,Kurt,Jimenez,Christinaside,9400154659,Builder,1945-07-11,79,65+,Kurt Jimenez
C00118,William,Clark,Reynoldsmouth,4280577763,Construction worker,1918-12-30,106,65+,William Clark
C00119,Richard,Gonzalez,Port Brucemouth,5140022532,Footballer,1952-01-05,72,65+,Richard Gonzalez
C00120,Wendy,Mayo,Christineville,3427287430,Electrician,1984-12-12,40,35-50,Wendy Mayo
C00121,Wanda,Barber,Anthonyland,4145335320,Painter,1976-03-04,48,35-50,Wanda Barber
C00122,David,Bryant,West Christinaton,8355686815,Surgeon,1959-07-21,65,50-65,David Bryant
C00123,Joseph,Ellis,Port Nicolehaven,3531148149,Paramedic,1965-02-08,59,50-65,Joseph Ellis
C00124,Jo,Pugh,Lake Kyle,9356094380,Surgeon,1982-11-09,42,35-50,Jo Pugh
C00125,Kylie,Greene,Johnsonberg,5429173080,Soldier,1960-07-09,64,50-65,Kylie Greene
C00126,Patricia,Atkinson,Leville,1385931056,Pilot,1956-06-22,68,65+,Patricia Atkinson
C00127,Bruce,Schwartz,New Joshua,455442413,Librarian,1976-07-30,48,35-50,Bruce Schwartz
C00128,Justin,Moreno,Leeside,5484546798,Surgeon,1947-06-07,77,65+,Justin Moreno
C00129,Nathan,Kennedy,North Jackland,9611274854,Librarian,1956-08-20,68,65+,Nathan Kennedy
C00130,Jennifer,Brady,Anthonyland,643958926,Boxer,1978-05-06,46,35-50,Jennifer Brady
C00131,Alex,Dixon,Blackwellmouth,6213762270,Lifeguard,1972-05-24,52,50-65,Alex Dixon
C00132,Kirsten,Ortiz,Valdezside,3580148774,Electrician,2004-03-16,20,Below 25,Kirsten Ortiz
C00133,Glenn,Sanchez,North Brooke,769918023,Photographer,1987-05-28,37,35-50,Glenn Sanchez
C00134,Linda,Cole,Weaverport,2246526189,Businessman,1968-03-12,56,50-65,Linda Cole
C00135,Taylor,Johnson,Lake Charles,3553965080,Journalist,1937-08-03,87,65+,Taylor Johnson
C00136,Michelle,Edwards,Perezchester,695178126,Singer,1913-09-18,111,65+,Michelle Edwards
C00137,Morgan,Grant,Sarahchester,2011416325,Salesman,1919-09-15,105,65+,Morgan Grant
C00138,Taylor,Garcia,New Connorstad,4237415609,Photographer,1932-02-26,92,65+,Taylor Garcia
C00139,Danielle,Ward,North Jesse,7714727820,Magician,1991-03-30,33,25-35,Danielle Ward
C00140,Ashley,Shaffer,Chrischester,9556801991,Professor,1967-02-08,57,50-65,Ashley Shaffer
C00141,John,Perez,Port Jonathanview,5401218375,Businessman,1941-09-09,83,65+,John Perez
C00142,Patricia,Bauer,Michaelview,4665027447,Geisha,1936-10-10,88,65+,Patricia Bauer
C00143,Michele,Hunt,Mendozaville,5088629543,Painter,1951-05-07,73,65+,Michele Hunt
C00144,Heather,Wilson,Morganfort,1008040489,Foreman,1997-07-11,27,25-35,Heather Wilson
C00145,Carla,Savage,Thomaston,8411082502,Housekeeper,1955-09-16,69,65+,Carla Savage
C00146,Fernando,Gilmore,East Leslie,1179115603,Construction worker,1913-12-21,111,65+,Fernando Gilmore
C00147,Michael,Chavez,Brendaberg,9119448950,Doorman,1968-09-14,56,50-65,Michael Chavez
C00148,Donald,Brown,Lauriebury,6877724032,Construction worker,1994-06-28,30,25-35,Donald Brown
C00149,Nicole,Williams,Valerieview,6186358810,Pope,1934-03-28,90,65+,Nicole Williams
C00150,Christopher,Stewart,South Amy,6582922652,Journalist,1996-05-18,28,25-35,Christopher Stewart
C00151,Kevin,Taylor,Bradleyside,7852035115,Catholic nun,1993-08-01,31,25-35,Kevin Taylor
C00152,Jennifer,Pollard,Bowerston,4433862123,Photographer,1917-01-25,107,65+,Jennifer Pollard
C00153,Jason,Gilbert,Josephmouth,3892368095,Housekeeper,1982-08-13,42,35-50,Jason Gilbert
C00154,Vincent,Carlson,Lake Jayland,1113255066,Flight attendant,1962-04-26,62,50-65,Vincent Carlson
C00155,Gregory,Ortiz,West Pamstad,9317188678,Reporter,1967-09-08,57,50-65,Gregory Ortiz
C00156,Jessica,Walker,Isaiahtown,261556958,Singer,1990-01-22,34,25-35,Jessica Walker
C00157,Kristy,Palmer,Becktown,2581934118,Businessman,1958-04-30,66,65+,Kristy Palmer
C00158,Dominique,Mccoy,North Christophershire,3258074561,Housewife,1998-09-10,26,25-35,Dominique Mccoy
C00159,Cynthia,Smith,East Hunterberg,166689392,Forest ranger,1924-07-25,100,65+,Cynthia Smith
C00160,Deanna,Stewart,Jeffreyburgh,586586573,Salesman,2001-07-27,23,Below 25,Deanna Stewart
C00161,Cory,Berger,Port Amandaton,7736652892,Nurse,1961-04-10,63,50-65,Cory Berger
C00162,Jennifer,Mcbride,Lake Suzanneborough,1833296861,Detective,2002-03-02,22,Below 25,Jennifer Mcbride
C00163,Valerie,Perkins,Carterland,8094923007,Doorman,1914-11-23,110,65+,Valerie Perkins
C00164,Alexis,Matthews,East Candiceside,7452439815,Builder,1947-06-04,77,65+,Alexis Matthews
C00165,Ryan,Chandler,North Janehaven,1077916380,Waiter,1913-10-12,111,65+,Ryan Chandler
C00166,Donna,Nicholson,Port Patriciafort,7529758324,Pope,1956-11-05,68,65+,Donna Nicholson
C00167,Lorraine,Montes,Angelview,5602690294,Housekeeper,1925-08-16,99,65+,Lorraine Montes
C00168,Vanessa,Lam,South Jonathan,5965804765,Dentist,1918-04-08,106,65+,Vanessa Lam
C00169,Robert,Holmes,Trevinoside,198748785,Student,2001-03-26,23,Below 25,Robert Holmes
C00170,Krista,Duran,Lake Troybury,5825027730,Clown,2004-07-13,20,Below 25,Krista Duran
C00171,Julie,Wolfe,Ashleyborough,2103266644,Waiter,1976-10-25,48,35-50,Julie Wolfe
C00172,Douglas,Davis,Bennettborough,7192322861,Secretary,1999-08-12,25,Below 25,Douglas Davis
C00173,Debbie,Oneal,New Elizabeth,1715836939,Carpenter,1931-03-20,93,65+,Debbie Oneal
C00174,David,Burnett,Port Staciechester,8255652491,Electrician,1994-06-26,30,25-35,David Burnett
C00175,Travis,Fleming,Lake John,7209565449,Police officer,1950-08-23,74,65+,Travis Fleming
C00176,Ethan,Smith,Lake Cameron,2213879243,Student,2005-05-04,19,Below 25,Ethan Smith
C00177,Lisa,Cameron,Robertsport,6461236414,Pirate,1917-11-09,107,65+,Lisa Cameron
C00178,Brandon,Bishop,Martinville,7012810229,Boxer,1917-11-28,107,65+,Brandon Bishop
C00179,Frank,Orr,Rayfurt,9952632201,Architect,1937-07-26,87,65+,Frank Orr
C00180,Steven,Contreras,Christinachester,8732018746,Detective,1924-02-28,100,65+,Steven Contreras
C00181,Ashley,Rowe,Julieside,1438427974,Reporter,2001-09-05,23,Below 25,Ashley Rowe
C00182,Erin,Warren,Joseburgh,8060513835,Foreman,1942-07-19,82,65+,Erin Warren
C00183,Kevin,Woodard,Michaelbury,2544025067,Journalist,1916-12-30,108,65+,Kevin Woodard
C00184,Brenda,Johnson,Georgeville,9847307623,Housekeeper,1947-07-04,77,65+,Brenda Johnson
C00185,Dale,Turner,North Sherry,1647919336,Boxer,1919-09-05,105,65+,Dale Turner
C00186,Kevin,Campbell,Lake Kaitlin,5356104041,Mechanic,1990-01-30,34,25-35,Kevin Campbell
C00187,Emily,Gomez,North Williamview,4484222046,Repairman,1914-02-19,110,65+,Emily Gomez
C00188,Timothy,Clay,Lake Andrestad,494651283,Mechanic,1936-11-16,88,65+,Timothy Clay
C00189,Nicholas,Cooley,Lake Robertmouth,6935279237,Catholic nun,1987-10-21,37,35-50,Nicholas Cooley
C00190,Jesse,Lowe,Danielchester,6025240417,Painter,1938-04-08,86,65+,Jesse Lowe
C00191,Shawn,Norman,Lake Richardfurt,4109055026,Diver,1952-12-13,72,65+,Shawn Norman
C00192,Darren,Gray,North Stanleystad,318237992,Fireman,2004-12-10,20,Below 25,Darren Gray
C00193,Teresa,Smith,Thomastown,7044996786,Electrician,1983-11-15,41,35-50,Teresa Smith
C00194,Chris,Perez,Heidiview,410182893,Gardener,1941-06-09,83,65+,Chris Perez
C00195,Erin,Castillo,West Sharon,3645508124,Architect,1949-05-06,75,65+,Erin Castillo
C00196,Todd,Baker,Maymouth,2901777561,Journalist,1981-01-13,43,35-50,Todd Baker
C00197,Daniel,Ramirez,Rossborough,7820517580,Scientist,1968-03-02,56,50-65,Daniel Ramirez
C00198,Andrew,Harrison,New Rachelhaven,3843234141,Dentist,1965-07-02,59,50-65,Andrew Harrison
C00199,Jason,Williams,South Reneestad,6100549184,Salesman,1920-03-06,104,65+,Jason Williams
C00200,Kimberly,Smith,Timothybury,479539048,Professor,1991-05-24,33,25-35,Kimberly Smith
C00201,Matthew,Johnson,Brightmouth,2718793796,Farmer,1940-10-24,84,65+,Matthew Johnson
C00202,Alicia,Ramos,Michaelmouth,8749810905,Clown,1987-12-01,37,35-50,Alicia Ramos
C00203,Brian,Hernandez,Williamsbury,4972885948,Student,1940-02-03,84,65+,Brian Hernandez
C00204,Mitchell,Ramirez,Lake Elizabeth,1332667124,Architect,1932-03-14,92,65+,Mitchell Ramirez
C00205,Courtney,Long,Port Christine,7956069844,Priest,1944-10-01,80,65+,Courtney Long
C00206,Kelly,Bond,Toddport,260081340,Waiter,1926-09-04,98,65+,Kelly Bond
C00207,Kara,Melendez,Lesterland,8203382516,Priest,1992-02-16,32,25-35,Kara Melendez
C00208,Mary,Flores,Lopezmouth,6047354380,Housewife,1915-12-11,109,65+,Mary Flores
C00209,Christopher,Hoffman,Lauriefort,6524254125,Soldier,1969-05-20,55,50-65,Christopher Hoffman
C00210,Jennifer,Shaw,Lake Krista,5949430181,Librarian,1921-04-18,103,65+,Jennifer Shaw
C00211,Richard,Miller,Boyleshire,6020118986,Construction worker,1976-10-04,48,35-50,Richard Miller
C00212,Juan,Lindsey,Lake Edwin,2136531264,Housewife,1987-11-22,37,35-50,Juan Lindsey
C00213,Aaron,Jackson,West Josephshire,1524717329,Dentist,1948-05-05,76,65+,Aaron Jackson
C00214,Jacqueline,Cruz,North Thomas,8180416508,Lifeguard,1953-07-16,71,65+,Jacqueline Cruz
C00215,Isaac,Gordon,West Alan,3674294863,Boxer,1943-07-08,81,65+,Isaac Gordon
C00216,Amy,White,West Taylor,157633407,Doorman,2004-05-30,20,Below 25,Amy White
C00217,Wendy,Alexander,North Tanya,4749571239,Postman,1986-09-06,38,35-50,Wendy Alexander
C00218,John,Adams,Hatfieldport,7236769073,Electrician,1988-10-05,36,35-50,John Adams
C00219,Robert,Bennett,West Gabrielle,8290044427,Doctor,1977-02-05,47,35-50,Robert Bennett
C00220,James,Grant,Jeffreychester,1020570437,Pope,1997-12-27,27,25-35,James Grant
C00221,Lori,Durham,Rogersport,2072682547,Painter,1964-01-31,60,50-65,Lori Durham
C00222,Savannah,Huffman,West Laura,4158457605,Painter,1914-12-02,110,65+,Savannah Huffman
C00223,Emily,Gray,East Madison,466981263,Secretary,1944-07-28,80,65+,Emily Gray
C00224,Elaine,Crane,New Billy,3773535795,Waiter,1996-04-18,28,25-35,Elaine Crane
C00225,Jimmy,Powell,West Karaside,3341638209,Mechanic,1932-10-30,92,65+,Jimmy Powell
C00226,John,Glass,West Justin,2921426948,Paramedic,2001-03-15,23,Below 25,John Glass
C00227,Kimberly,Thomas,Deannachester,5246930634,Diver,1986-08-12,38,35-50,Kimberly Thomas
C00228,Karen,Moore,New Natasha,1838489354,Secretary,1983-02-09,41,35-50,Karen Moore
C00229,George,Berry,Rodriguezburgh,5990927628,Painter,1925-05-04,99,65+,George Berry
C00230,Ashley,Cowan,East Derek,2435740142,Magician,1978-10-29,46,35-50,Ashley Cowan
C00231,Felicia,Perkins,New Hannah,4391910365,Train conductor,1943-03-20,81,65+,Felicia Perkins
C00232,Ashley,Reeves,New Jenniferberg,2507855197,Housekeeper,1922-12-26,102,65+,Ashley Reeves
C00233,Brandy,Wells,Dominguezton,5084780704,Singer,1996-03-22,28,25-35,Brandy Wells
C00234,Cynthia,Smith,Kennedyberg,9978158757,Construction worker,1971-02-10,53,50-65,Cynthia Smith
C00235,Lauren,Lopez,West Heatherhaven,9128814277,Cameraman,1954-12-06,70,65+,Lauren Lopez
C00236,Karen,Carter,Angelaview,8935910543,Lunchroom supervisor,1996-07-27,28,25-35,Karen Carter
C00237,Taylor,Simmons,Barrybury,5887781664,Lifeguard,1981-09-26,43,35-50,Taylor Simmons
C00238,Danielle,Moreno,Port Jenniferbury,3670213251,Carpenter,1997-03-21,27,25-35,Danielle Moreno
C00239,Oscar,Gonzalez,Ashleyhaven,4833227119,Secretary,1952-02-06,72,65+,Oscar Gonzalez
C00240,Jermaine,Ford,Rosston,8138609001,Train conductor,1974-11-14,50,35-50,Jermaine Ford
C00241,Sean,Parker,Hawkinsberg,4445008739,Mechanic,1925-11-19,99,65+,Sean Parker
C00242,Heather,Hayes,West Victoria,3489800629,Paramedic,1964-03-08,60,50-65,Heather Hayes
C00243,William,Moore,Lisabury,8319436692,Diver,2000-09-23,24,Below 25,William Moore
C00244,Michael,Frey,Moorechester,5919591982,Pirate,1977-02-13,47,35-50,Michael Frey
C00245,Christopher,Hahn,Kevinside,817476525,Magician,1971-08-29,53,50-65,Christopher Hahn
C00246,Julia,Green,Kellerberg,9014699770,Doctor,1969-12-06,55,50-65,Julia Green
C00247,Amanda,Page,West Ryanville,9719803778,Student,1977-04-10,47,35-50,Amanda Page
C00248,Jimmy,Moore,Johnsonmouth,7944653316,Librarian,1941-12-11,83,65+,Jimmy Moore
C00249,Samantha,Peterson,Thomashaven,25047975,Foreman,1999-01-15,25,Below 25,Samantha Peterson
C00250,Justin,Dillon,South Michael,285435959,Surgeon,1929-12-13,95,65+,Justin Dillon
C00251,Raymond,Newman,Lewisview,5498427716,Housewife,1994-09-21,30,25-35,Raymond Newman
C00252,Carrie,Butler,Karahaven,9780397394,Flight attendant,1915-09-17,109,65+,Carrie Butler
C00253,Anthony,Rodriguez,Padillaland,2294691998,Student,1965-07-21,59,50-65,Anthony Rodriguez
C00254,Melinda,Olson,North Kenneth,4374847040,Housewife,1942-01-01,82,65+,Melinda Olson
C00255,Adam,Chan,Lake Erika,7581269166,Salesman,1953-10-11,71,65+,Adam Chan
C00256,Sharon,Roberts,New William,2153650742,Police officer,1924-06-29,100,65+,Sharon Roberts
C00257,Ryan,Diaz,South Ginahaven,9825803358,Repairman,1934-09-26,90,65+,Ryan Diaz
C00258,Matthew,Calderon,Kellerburgh,8262114942,Electrician,1969-03-05,55,50-65,Matthew Calderon
C00259,Haley,Davis,Lake Audreybury,3945091725,Housekeeper,2000-06-03,24,Below 25,Haley Davis
C00260,Nicholas,Galloway,Dixonville,2826421758,Builder,1914-01-15,110,65+,Nicholas Galloway
C00261,Todd,Larson,Kimberlystad,5273935444,Engineer,2005-06-13,19,Below 25,Todd Larson
C00262,Robert,Williams,Christinefort,6568014596,American football player,1916-03-04,108,65+,Robert Williams
C00263,Benjamin,Armstrong,West Rebeccamouth,1525259981,Librarian,1999-01-22,25,Below 25,Benjamin Armstrong
C00264,Nancy,Rice,Bautistaland,6177615564,Student,1931-05-22,93,65+,Nancy Rice
C00265,Daniel,Burns,Spencerbury,6135221087,Photographer,2000-12-29,24,Below 25,Daniel Burns
C00266,Susan,Miller,Smithmouth,9963424280,Detective,1969-08-06,55,50-65,Susan Miller
C00267,Jacob,Hickman,Garyhaven,575843369,Photographer,2003-05-22,21,Below 25,Jacob Hickman
C00268,Tracy,Cochran,Patelburgh,8147119743,Farmer,1925-07-02,99,65+,Tracy Cochran
C00269,Natasha,Gross,Juanmouth,2672791569,Librarian,1931-01-16,93,65+,Natasha Gross
C00270,Kathleen,Sherman,West Williamfort,6892008516,Postman,1944-12-25,80,65+,Kathleen Sherman
C00271,David,Brown,Deborahfort,3888146777,Librarian,1950-03-15,74,65+,David Brown
C00272,Carolyn,Shaffer,Lake Johnburgh,8215966672,Doctor,1955-10-24,69,65+,Carolyn Shaffer
C00273,Tammie,Doyle,West Adam,3103052847,Scientist,1992-03-29,32,25-35,Tammie Doyle
C00274,Amy,Heath,Gutierrezport,3866368715,Architect,1982-03-06,42,35-50,Amy Heath
C00275,Barbara,Stewart,Lake Mark,4662440375,Carpenter,1952-01-15,72,65+,Barbara Stewart
C00276,Daniel,Dorsey,Conleytown,4225283498,Student,1920-03-06,104,65+,Daniel Dorsey
C00277,Angela,Hall,Coxton,9168481718,Librarian,1950-10-29,74,65+,Angela Hall
C00278,Nicole,Hunt,East Melaniefort,6936846691,Pirate,1996-08-26,28,25-35,Nicole Hunt
C00279,Courtney,Sandoval,Port Brian,5486577957,Footballer,1986-06-04,38,35-50,Courtney Sandoval
C00280,Joanne,Jones,Wilsonborough,842335272,Lunchroom supervisor,1946-04-02,78,65+,Joanne Jones
C00281,Daniel,Murray,Murrayton,2376017198,Architect,1973-09-23,51,50-65,Daniel Murray
C00282,Andrea,Benitez,Amyport,2896135613,Train conductor,1996-05-07,28,25-35,Andrea Benitez
C00283,David,Jones,West Carolinemouth,7740556930,American football player,1930-01-24,94,65+,David Jones
C00284,Nicole,Clark,West Terri,6205618399,Geisha,1960-07-07,64,50-65,Nicole Clark
C00285,Sandra,Blanchard,North Leah,3152675505,Painter,1954-09-24,70,65+,Sandra Blanchard
C00286,Mindy,Freeman,Julieview,1220976304,Student,1946-12-01,78,65+,Mindy Freeman
C00287,Adrian,Johnson,Calderonstad,3377619143,Builder,1955-07-08,69,65+,Adrian Johnson
C00288,Adam,Cooley,Lake Matthew,3796248423,Architect,1953-12-26,71,65+,Adam Cooley
C00289,Julie,Jones,New Tara,6780180626,Lunchroom supervisor,1963-03-20,61,50-65,Julie Jones
C00290,Robert,Richardson,North Katrinaborough,6263271706,Flight attendant,1923-06-29,101,65+,Robert Richardson
C00291,Robert,Russo,East Kenneth,12172646,Paramedic,1935-05-11,89,65+,Robert Russo
C00292,Lisa,Hernandez,South Kathleen,8618078442,Cameraman,1941-12-06,83,65+,Lisa Hernandez
C00293,Christina,Cantu,Kellytown,806318448,Detective,1956-01-10,68,65+,Christina Cantu
C00294,Kimberly,Bryant,Joshuaborough,3025752772,Diver,1965-08-21,59,50-65,Kimberly Bryant
C00295,Makayla,Hudson,New Rachel,936605533,Nurse,1913-05-30,111,65+,Makayla Hudson
C00296,George,Russell,East Brianton,2219037444,Diver,1915-07-20,109,65+,George Russell
C00297,Douglas,Crawford,Washingtonburgh,2522465694,Diver,1993-04-29,31,25-35,Douglas Crawford
C00298,Richard,Thomas,East Amandaside,7354382364,Catholic nun,1967-11-26,57,50-65,Richard Thomas
C00299,Justin,Webb,Juliehaven,9177214342,Forest ranger,1924-12-20,100,65+,Justin Webb
C00300,Troy,Howard,East Jill,1688697561,Electrician,1985-10-21,39,35-50,Troy Howard
C00301,Amy,Olson,South Eugenemouth,6025992128,Journalist,1921-06-07,103,65+,Amy Olson
C00302,Julia,Vaughn,Josephside,1068681794,Housekeeper,2004-07-08,20,Below 25,Julia Vaughn
C00303,Amy,Simmons,Hamiltonburgh,7769808502,Lifeguard,1942-11-23,82,65+,Amy Simmons
C00304,William,Diaz,Whitetown,3997471067,Fireman,1921-08-02,103,65+,William Diaz
C00305,Jonathon,Ramirez,South Lawrence,946301300,Doorman,1965-06-22,59,50-65,Jonathon Ramirez
C00306,Peter,Weiss,Riosside,2168086601,Builder,1987-06-07,37,35-50,Peter Weiss
C00307,Courtney,Smith,South Denisefurt,3725843750,Lunchroom supervisor,1942-06-03,82,65+,Courtney Smith
C00308,William,Harrington,Charlesmouth,7328691555,Geisha,1982-01-15,42,35-50,William Harrington
C00309,Courtney,Richmond,New Jamie,1290351704,Pirate,1973-04-02,51,50-65,Courtney Richmond
C00310,Krista,Burns,Janicehaven,2140725280,Mechanic,1943-06-24,81,65+,Krista Burns
C00311,Nathaniel,Mitchell,North Dennis,2376498964,Businessman,1967-10-23,57,50-65,Nathaniel Mitchell
C00312,Daniel,Mcclure,North Corey,7628643524,Pirate,1965-04-01,59,50-65,Daniel Mcclure
C00313,Paul,Parsons,North Rebeccaton,884007766,Foreman,1992-04-15,32,25-35,Paul Parsons
C00314,Scott,Harrison,Lake Alyssa,5811119569,Photographer,1946-12-23,78,65+,Scott Harrison
C00315,Stephanie,Montoya,Williamsview,9991208967,Electrician,1961-06-03,63,50-65,Stephanie Montoya
C00316,James,White,East Johnberg,5434210435,Painter,1942-07-02,82,65+,James White
C00317,Rachel,Sosa,Dennishaven,1218798017,Nurse,1985-07-24,39,35-50,Rachel Sosa
C00318,Karen,Bailey,Rogersborough,549745069,Secretary,1980-09-03,44,35-50,Karen Bailey
C00319,Aaron,Ruiz,West Matthewland,7960179841,Fireman,1949-06-20,75,65+,Aaron Ruiz
C00320,Laura,Tucker,Sheilaside,9238433125,Magician,1989-04-23,35,25-35,Laura Tucker
C00321,Tina,Floyd,New Cathybury,8724853567,Doctor,1968-04-10,56,50-65,Tina Floyd
C00322,Charles,Rubio,Anneland,339899123,Boxer,1961-03-12,63,50-65,Charles Rubio
C00323,Jeffery,Smith,Mooreton,4473205388,Paramedic,1922-09-18,102,65+,Jeffery Smith
C00324,Holly,Salazar,Alexisborough,2467046672,Pope,1919-05-19,105,65+,Holly Salazar
C00325,Catherine,Abbott,Stephanieport,2320355701,Journalist,1962-03-19,62,50-65,Catherine Abbott
C00326,Terri,Lewis,Michaeltown,330919238,Farmer,1933-05-28,91,65+,Terri Lewis
C00327,Michael,Carter,Hamiltonport,9961683263,Priest,1918-07-13,106,65+,Michael Carter
C00328,Lauren,Alexander,Craigside,8648163587,Salesman,1944-05-09,80,65+,Lauren Alexander
C00329,Deanna,White,Laurabury,9340869208,Librarian,1965-07-18,59,50-65,Deanna White
C00330,Jennifer,Rollins,North Jeffery,564518284,Geisha,2001-12-07,23,Below 25,Jennifer Rollins
C00331,Sarah,Miller,Durhamtown,6208002901,Postman,1956-04-30,68,65+,Sarah Miller
C00332,Tiffany,Ferguson,New Walter,6981815551,American football player,1930-03-12,94,65+,Tiffany Ferguson
C00333,Angela,Martin,Lake Frankside,2403884645,Footballer,1942-10-24,82,65+,Angela Martin
C00334,Lori,Hunter,Grahamshire,8392081019,Architect,1931-07-04,93,65+,Lori Hunter
C00335,Ian,Ray,Burtonmouth,6606232144,Architect,1987-08-16,37,35-50,Ian Ray
C00336,Yolanda,Jordan,West Crystal,6991545654,Nurse,1982-07-08,42,35-50,Yolanda Jordan
C00337,Joel,Fowler,Marshallburgh,4537603464,Dentist,1924-04-24,100,65+,Joel Fowler
C00338,Michael,Harvey,Lake Michael,5054649135,Clown,1957-11-06,67,65+,Michael Harvey
C00339,Alison,Garcia,Port Caleb,6681369256,Pirate,1971-03-02,53,50-65,Alison Garcia
C00340,Thomas,Gonzalez,East Suzanne,2885862923,Pope,2002-02-07,22,Below 25,Thomas Gonzalez
C00341,Emily,Black,Kathrynfort,193683859,American football player,1925-03-17,99,65+,Emily Black
C00342,Debbie,Perez,Reynoldsberg,5994193454,Catholic nun,1992-11-10,32,25-35,Debbie Perez
C00343,Dale,Morales,Bonnieberg,2434127359,Waiter,1948-03-21,76,65+,Dale Morales
C00344,Paul,Jackson,Owenmouth,172982629,Mechanic,1936-09-28,88,65+,Paul Jackson
C00345,Anita,Smith,New Patriciatown,3213300214,Forest ranger,1968-01-03,56,50-65,Anita Smith
C00346,Kelli,Nunez,West Carlton,9038955223,Police officer,1999-05-11,25,Below 25,Kelli Nunez
C00347,Sarah,Barber,Christineton,4700455833,Geisha,1974-02-26,50,35-50,Sarah Barber
C00348,Craig,Abbott,Adamberg,1194650218,Reporter,1916-05-30,108,65+,Craig Abbott
C00349,Katrina,Brown,Lake Kathy,9322539828,Housekeeper,1973-02-23,51,50-65,Katrina Brown
C00350,Melissa,Smith,Krystalville,7900916834,Footballer,1970-11-16,54,50-65,Melissa Smith
C00351,Pamela,Zhang,Mooreshire,593849912,Cameraman,1933-10-07,91,65+,Pamela Zhang
C00352,George,Hodge,Deborahport,6525362945,Singer,1956-01-02,68,65+,George Hodge
C00353,Jill,Mejia,Danielborough,3538992900,Police officer,1984-01-01,40,35-50,Jill Mejia
C00354,Michelle,Lucas,East Craig,7237263801,Magician,1964-02-05,60,50-65,Michelle Lucas
C00355,Joel,Duran,West Shanestad,6051989132,Engineer,1977-09-21,47,35-50,Joel Duran
C00356,Robin,Gamble,Myersfort,6018884848,Doctor,1917-02-07,107,65+,Robin Gamble
C00357,Michael,Johnson,Martinezchester,9848366750,Journalist,1985-08-26,39,35-50,Michael Johnson
C00358,Jennifer,Rogers,Farrellside,441487020,Footballer,1966-08-04,58,50-65,Jennifer Rogers
C00359,Alexis,Mcdonald,Cantuborough,2544641238,Singer,1947-08-20,77,65+,Alexis Mcdonald
C00360,Jennifer,Wilson,North Debbieberg,1552467334,Boxer,1950-07-31,74,65+,Jennifer Wilson
C00361,Danielle,Gibson,Wilsonville,299958162,Pilot,1935-03-28,89,65+,Danielle Gibson
C00362,Michelle,Tyler,East Heather,5258132658,Postman,1929-05-02,95,65+,Michelle Tyler
C00363,Paul,Fisher,Lake Christian,5300661368,Postman,1970-07-29,54,50-65,Paul Fisher
C00364,Christine,Davis,East Russell,1814090478,Geisha,1936-12-14,88,65+,Christine Davis
C00365,Michael,Palmer,Lake Aprilview,9424196619,Housewife,1984-03-02,40,35-50,Michael Palmer
C00366,David,Delgado,Brandonberg,2780772766,Pirate,1978-07-29,46,35-50,David Delgado
C00367,Maureen,Davidson,Port Johnport,5346302020,Detective,1915-04-24,109,65+,Maureen Davidson
C00368,Collin,Tate,Lake Rebeccaburgh,7551336345,Magician,1950-10-04,74,65+,Collin Tate
C00369,Summer,Blackwell,West Michaelchester,5056447917,Journalist,1943-08-19,81,65+,Summer Blackwell
C00370,Dean,Anderson,Brownhaven,5765178863,Diver,1929-04-29,95,65+,Dean Anderson
C00371,Kyle,Mosley,East Antonio,9901722782,Journalist,1985-05-16,39,35-50,Kyle Mosley
C00372,Garrett,Copeland,South Stephanieport,6265907000,Detective,1987-06-19,37,35-50,Garrett Copeland
C00373,Megan,Young,Berryhaven,4712965251,Footballer,1915-10-07,109,65+,Megan Young
C00374,Luis,Fuller,Lewisberg,7237571220,Architect,1967-01-13,57,50-65,Luis Fuller
C00375,Deborah,Smith,Port Andreabury,7799508136,Businessman,1963-10-30,61,50-65,Deborah Smith
C00376,Sandra,Browning,New Damonport,1079130253,Professor,1934-08-27,90,65+,Sandra Browning
C00377,Monica,Freeman,Port Laura,2849527327,Engineer,1984-10-15,40,35-50,Monica Freeman
C00378,David,Vasquez,Johnsonburgh,337895849,Pirate,1913-01-05,111,65+,David Vasquez
C00379,Alicia,Meyer,West Jessicashire,3263809329,Police officer,1919-10-15,105,65+,Alicia Meyer
C00380,Erin,Ryan,Lake Matthew,3297840608,Catholic nun,1989-12-19,35,25-35,Erin Ryan
C00381,Brandy,Fowler,Burchport,5038212772,Doorman,1948-04-10,76,65+,Brandy Fowler
C00382,Michael,Cooper,Shaneburgh,5876007270,Nurse,1956-01-31,68,65+,Michael Cooper
C00383,Jessica,Marquez,South Brendaport,9164115945,Surgeon,1918-09-24,106,65+,Jessica Marquez
C00384,Spencer,Hart,North Natalieville,7045517566,Doorman,1948-04-08,76,65+,Spencer Hart
C00385,Tommy,Goodwin,Hernandezville,3645829244,Pirate,1957-04-06,67,65+,Tommy Goodwin
C00386,Christopher,Baker,South Jonathanfurt,9142531786,Reporter,1994-02-21,30,25-35,Christopher Baker
C00387,Jonathan,Romero,Lawrencefurt,4176034011,Waiter,1948-04-12,76,65+,Jonathan Romero
C00388,Sean,Williams,West Wendy,8236344451,Geisha,1982-12-10,42,35-50,Sean Williams
C00389,Ariel,Snow,East Carlos,901301650,Footballer,1923-08-02,101,65+,Ariel Snow
C00390,Rodney,Mora,South Danielmouth,5091449957,Magician,1994-05-02,30,25-35,Rodney Mora
C00391,Bailey,Houston,Lake Jameschester,8819022580,Lifeguard,1984-12-25,40,35-50,Bailey Houston
C00392,Anthony,Cooper,Ginaville,6203979492,Train conductor,1971-06-14,53,50-65,Anthony Cooper
C00393,Harry,Hurst,Carriemouth,1550488590,Diver,1913-01-10,111,65+,Harry Hurst
C00394,Erik,Hayes,West Julieborough,2209029260,Postman,1990-01-03,34,25-35,Erik Hayes
C00395,Scott,Anderson,East Valerieville,8852843217,American football player,1921-07-07,103,65+,Scott Anderson
C00396,Stephanie,Mitchell,West Erikland,1482824918,Forest ranger,1954-05-05,70,65+,Stephanie Mitchell
C00397,Gene,Luna,Johnsonview,4850021286,Soldier,1922-09-14,102,65+,Gene Luna
C00398,Joshua,Smith,West Zacharyview,5625704052,Priest,1934-09-14,90,65+,Joshua Smith
C00399,Deborah,Turner,East Rachel,2854024607,Pilot,1925-01-01,99,65+,Deborah Turner
C00400,Jared,Ingram,New Sally,2420855807,Farmer,1943-08-22,81,65+,Jared Ingram
C00401,Melinda,Owen,Port Tammie,7722604433,Singer,1990-08-14,34,25-35,Melinda Owen
C00402,Justin,French,Rodriguezland,5699787090,Housekeeper,1928-07-08,96,65+,Justin French
C00403,Mitchell,Martin,Joycestad,4163552142,Boxer,1963-01-20,61,50-65,Mitchell Martin
C00404,Juan,White,Beanchester,8008931323,Police officer,2005-07-02,19,Below 25,Juan White
C00405,Brianna,Morrow,West Vanessa,7494944757,Painter,1955-02-07,69,65+,Brianna Morrow
C00406,Kathryn,Alexander,Hammondchester,6008057134,Painter,1916-09-25,108,65+,Kathryn Alexander
C00407,Amanda,Bates,Hernandezland,3544271830,Businessman,1923-08-24,101,65+,Amanda Bates
C00408,Jennifer,Rice,Anthonystad,5092133519,Housewife,2004-08-31,20,Below 25,Jennifer Rice
C00409,Carl,Delgado,Rileyland,3171143349,Farmer,1919-02-11,105,65+,Carl Delgado
C00410,Randy,Wallace,New Matthew,9148495416,Pilot,1913-02-28,111,65+,Randy Wallace
C00411,Manuel,Suarez,Jonesborough,7645159054,Pilot,1918-07-04,106,65+,Manuel Suarez
C00412,Amanda,Hernandez,Mcguirebury,8550354178,Surgeon,1979-10-15,45,35-50,Amanda Hernandez
C00413,Rodney,Adams,Port Elizabeth,199798334,Painter,1913-04-20,111,65+,Rodney Adams
C00414,Christina,Middleton,Maryshire,9387300897,Clown,1928-08-24,96,65+,Christina Middleton
C00415,Mary,Garcia,North Katherinefurt,6466444443,Detective,1963-08-17,61,50-65,Mary Garcia
C00416,Amber,Fischer,Gallagherview,2353930031,Pope,1946-02-27,78,65+,Amber Fischer
C00417,Matthew,Hartman,Lake Tina,5953722590,Diver,1921-01-25,103,65+,Matthew Hartman
C00418,Rachel,Banks,Crystalmouth,3484705129,Cameraman,1990-09-16,34,25-35,Rachel Banks
C00419,Jared,Ingram,Maryton,9921436029,Priest,1996-09-02,28,25-35,Jared Ingram
C00420,Laura,Jenkins,East Joanne,8477788490,Repairman,1916-01-03,108,65+,Laura Jenkins
C00421,April,Gonzales,Harringtonview,1043638166,Librarian,1914-03-16,110,65+,April Gonzales
C00422,Patrick,Alvarez,South Michael,4644579470,Magician,1980-02-04,44,35-50,Patrick Alvarez
C00423,Jacqueline,Butler,Ginafort,84905382,Police officer,1919-03-20,105,65+,Jacqueline Butler
C00424,Todd,Miller,Lake Markchester,181798219,Geisha,1949-09-27,75,65+,Todd Miller
C00425,Rebecca,Huerta,New Cynthia,6985071894,Farmer,1957-07-20,67,65+,Rebecca Huerta
C00426,Jason,Ramos,South Karen,6549808144,Flight attendant,1921-09-12,103,65+,Jason Ramos
C00427,Warren,Gallagher,South Ashleyfort,6497977895,Train conductor,1964-11-13,60,50-65,Warren Gallagher
C00428,Katherine,Ramirez,Murphymouth,3917989447,Postman,1990-06-18,34,25-35,Katherine Ramirez
C00429,Elizabeth,Castro,Susanmouth,5687653402,Priest,1996-05-18,28,25-35,Elizabeth Castro
C00430,Robert,Weber,Matthewsburgh,7574946235,Footballer,1946-11-24,78,65+,Robert Weber
C00431,Amy,Abbott,North Josechester,3558417751,Diver,1974-12-26,50,35-50,Amy Abbott
C00432,Faith,King,Reedchester,2763790372,Boxer,1927-09-21,97,65+,Faith King
C00433,Alisha,Garrison,Palmerburgh,6669799269,Catholic nun,1976-10-18,48,35-50,Alisha Garrison
C00434,Robert,Simpson,Jeremiahside,2708305158,Professor,1972-09-24,52,50-65,Robert Simpson
C00435,David,Kelly,Stewartchester,5460546786,Diver,1957-03-22,67,65+,David Kelly
C00436,Alexandria,Scott,Karenburgh,1425290164,Librarian,1957-07-22,67,65+,Alexandria Scott
C00437,Brandy,Arias,Stephaniechester,2384300904,Professor,1997-08-01,27,25-35,Brandy Arias
C00438,David,Sullivan,North Jackbury,6949564795,Businessman,1956-10-09,68,65+,David Sullivan
C00439,Timothy,Wheeler,Taylorchester,3154171559,Secretary,1960-03-23,64,50-65,Timothy Wheeler
C00440,Dean,Graham,Greerport,7975971281,Lunchroom supervisor,1973-09-26,51,50-65,Dean Graham
C00441,Crystal,Jimenez,North Desiree,9588961139,Housekeeper,1943-04-10,81,65+,Crystal Jimenez
C00442,Lori,Hicks,Kleinside,4658573657,Lifeguard,1942-12-03,82,65+,Lori Hicks
C00443,George,Barnett,Brendafurt,4341348379,Soldier,1981-07-06,43,35-50,George Barnett
C00444,Gregory,Willis,Pamelashire,2720384381,Lifeguard,1915-03-25,109,65+,Gregory Willis
C00445,Eric,Barrett,Patriciamouth,8797985438,Repairman,1970-09-15,54,50-65,Eric Barrett
C00446,Madison,Durham,South Steven,2300372510,Doorman,1927-08-02,97,65+,Madison Durham
C00447,Brian,Walsh,Hillstad,8804365455,Surgeon,1955-05-15,69,65+,Brian Walsh
C00448,Michael,Bullock,Johnsonbury,2009301480,Student,1929-04-07,95,65+,Michael Bullock
C00449,Oscar,Mitchell,Parkschester,7757851242,Repairman,1935-01-30,89,65+,Oscar Mitchell
C00450,Carol,Stevenson,New Randyfurt,4511640520,Housekeeper,1968-03-21,56,50-65,Carol Stevenson
C00451,Nancy,Salazar,Andrewhaven,5077124811,Footballer,1945-07-09,79,65+,Nancy Salazar
C00452,Tiffany,Jones,New Katherineview,8293354735,Carpenter,1944-09-24,80,65+,Tiffany Jones
C00453,Tina,Jacobs,Lake Shane,3466234473,Scientist,2000-01-20,24,Below 25,Tina Jacobs
C00454,Jeffrey,Mills,North Alex,9981680320,Diver,1932-11-05,92,65+,Jeffrey Mills
C00455,Kaitlyn,Meyers,North Susan,5869657785,Architect,1914-12-03,110,65+,Kaitlyn Meyers
C00456,Catherine,Rodgers,North Timothy,9790583074,Cameraman,1994-06-18,30,25-35,Catherine Rodgers
C00457,Ronald,Lee,North Timothy,3145768424,Student,1940-04-08,84,65+,Ronald Lee
C00458,Bryan,Gross,Friedmantown,8709840683,Secretary,1921-07-09,103,65+,Bryan Gross
C00459,Paul,Lopez,Joshuamouth,6096939180,Housekeeper,1931-06-11,93,65+,Paul Lopez
C00460,Dennis,Sanchez,Port James,6140431921,Housekeeper,1943-04-06,81,65+,Dennis Sanchez
C00461,Robin,Zimmerman,Ericborough,1656450446,Reporter,1947-09-01,77,65+,Robin Zimmerman
C00462,Kimberly,Graves,Robertton,1472273,Builder,1931-12-19,93,65+,Kimberly Graves
C00463,Ashley,Adams,Hernandezborough,5749756134,Housekeeper,2002-11-21,22,Below 25,Ashley Adams
C00464,Mark,Townsend,Teresaton,4107774806,Waiter,1920-09-22,104,65+,Mark Townsend
C00465,Rebecca,Aguilar,Lyonsstad,3157318884,Nurse,1942-03-24,82,65+,Rebecca Aguilar
C00466,Amanda,King,Port Kimberlystad,9769600482,Paramedic,2003-12-21,21,Below 25,Amanda King
C00467,Heather,Lee,Woodschester,451254299,Journalist,1958-10-06,66,65+,Heather Lee
C00468,Sean,Rivera,Vargasbury,3280384155,Train conductor,1949-11-30,75,65+,Sean Rivera
C00469,Christopher,Mccullough,South Christopherport,8495995710,Doorman,1981-11-05,43,35-50,Christopher Mccullough
C00470,Scott,Wilkinson,Barrettport,8624350543,Painter,1990-11-01,34,25-35,Scott Wilkinson
C00471,Tammy,Rose,Collinston,2838468429,Geisha,1986-12-10,38,35-50,Tammy Rose
C00472,Heather,Wolfe,New Lisamouth,185436713,Student,2001-10-13,23,Below 25,Heather Wolfe
C00473,Mark,Barron,Lake Richardland,5195609676,Construction worker,1966-10-19,58,50-65,Mark Barron
C00474,Erica,Chase,East Benjamin,2711298980,Photographer,2003-09-02,21,Below 25,Erica Chase
C00475,Connor,Mata,North Eric,4488244643,Pilot,1916-09-27,108,65+,Connor Mata
C00476,Matthew,Brown,East Laurieland,6894065690,Farmer,2001-04-21,23,Below 25,Matthew Brown
C00477,Kendra,Herring,West Stephenstad,2386014350,Mechanic,1983-03-08,41,35-50,Kendra Herring
C00478,Amanda,Terrell,Whitestad,7103064479,Secretary,2000-06-16,24,Below 25,Amanda Terrell
C00479,Kristina,Cochran,Scottland,6014120453,Pilot,1975-06-15,49,35-50,Kristina Cochran
C00480,Kristin,Lyons,Port Karibury,3832449191,Doctor,2002-01-09,22,Below 25,Kristin Lyons
C00481,Andrew,Alvarez,North Paulburgh,6636727052,Librarian,1967-08-27,57,50-65,Andrew Alvarez
C00482,Shawn,Green,Port Christinehaven,6047962621,Reporter,1975-12-26,49,35-50,Shawn Green
C00483,Nichole,Lester,Patrickfurt,8872238339,Foreman,1972-12-29,52,50-65,Nichole Lester
C00484,Lauren,Hardy,Rangelstad,8708572155,Magician,1994-11-19,30,25-35,Lauren Hardy
C00485,Seth,Rich,West Emily,8143762465,Fireman,1976-03-30,48,35-50,Seth Rich
C00486,Ryan,Chang,Saraview,6119399855,Electrician,1926-07-31,98,65+,Ryan Chang
C00487,Gregory,Johnson,Jordanfurt,1821350569,Farmer,1964-02-09,60,50-65,Gregory Johnson
C00488,Destiny,Alvarez,South Gregoryburgh,7861818099,Fireman,1941-04-04,83,65+,Destiny Alvarez
C00489,Anthony,Hall,Port Amanda,1218484253,Cameraman,1953-12-30,71,65+,Anthony Hall
C00490,Tina,Miller,Jamesberg,3510714438,Journalist,1956-05-11,68,65+,Tina Miller
C00491,George,Johnson,Bethanystad,3651727,Secretary,1917-01-16,107,65+,George Johnson
C00492,Molly,Peterson,North Michael,4549332863,Geisha,1994-11-03,30,25-35,Molly Peterson
C00493,Susan,Evans,South Joelhaven,6780103928,Nurse,1970-06-16,54,50-65,Susan Evans
C00494,Steven,Maddox,North Lisa,3205517809,Detective,1964-02-10,60,50-65,Steven Maddox
C00495,Rebecca,Watkins,Lisahaven,3986722060,Housewife,1991-01-26,33,25-35,Rebecca Watkins
C00496,Lori,Mitchell,Gravesport,4201056771,Painter,1922-12-22,102,65+,Lori Mitchell
C00497,Tonya,Taylor,North Jessemouth,4584079285,Geisha,1969-09-12,55,50-65,Tonya Taylor
C00498,Tiffany,Pennington,South Ronald,4406910296,Businessman,1953-02-10,71,65+,Tiffany Pennington
C00499,Karen,Hill,New Rachael,2163942363,Pilot,2003-11-18,21,Below 25,Karen Hill
C00500,Kara,Gardner,Barrymouth,4938979134,Lunchroom supervisor,1917-07-27,107,65+,Kara Gardner
C00501,Michaela,Hicks,East Mauriceland,116374612,Train conductor,1943-08-07,81,65+,Michaela Hicks
C00502,Michael,Alvarez,New Pam,7374754543,Forest ranger,1998-05-03,26,25-35,Michael Alvarez
C00503,Wendy,Harris,Melissaview,1053701784,Lunchroom supervisor,1968-02-07,56,50-65,Wendy Harris
C00504,Mary,Valentine,Ortizport,2287454621,Student,2001-05-31,23,Below 25,Mary Valentine
C00505,Victoria,Cohen,Edwardville,4222213843,Forest ranger,1984-05-02,40,35-50,Victoria Cohen
C00506,Angela,Avila,South Roberthaven,9763396394,Paramedic,1950-11-01,74,65+,Angela Avila
C00507,Leonard,Smith,Justinshire,4549055839,Foreman,1954-10-13,70,65+,Leonard Smith
C00508,Alvin,Sanchez,South Kathy,4858193541,Engineer,1949-02-08,75,65+,Alvin Sanchez
C00509,Kyle,Holt,New Eric,1882822525,Pilot,1972-05-25,52,50-65,Kyle Holt
C00510,Michelle,Warren,Douglastown,6490655546,Carpenter,1933-12-14,91,65+,Michelle Warren
C00511,Garrett,Johnson,West Maryhaven,9440237064,Scientist,1975-04-23,49,35-50,Garrett Johnson
C00512,Ariel,Miller,Loganberg,8793682591,Architect,1976-11-12,48,35-50,Ariel Miller
C00513,Patrick,Berger,North Diane,8774773878,Builder,1964-10-19,60,50-65,Patrick Berger
C00514,Cory,White,West Nicolasborough,1367845669,Doctor,1924-05-03,100,65+,Cory White
C00515,Tonya,Wade,Gonzalezfort,4146092190,Architect,1936-02-21,88,65+,Tonya Wade
C00516,James,Hubbard,East Michaeltown,2814895927,Repairman,1932-07-24,92,65+,James Hubbard
C00517,Jaime,Kelly,New Kevinmouth,4082190377,Lifeguard,1995-09-06,29,25-35,Jaime Kelly
C00518,Douglas,Atkins,Jameston,729025702,Secretary,1974-10-03,50,35-50,Douglas Atkins
C00519,Daniel,Roman,South Dorothyview,5271810082,Housewife,1993-05-18,31,25-35,Daniel Roman
C00520,Kenneth,Owen,South Coreychester,2531362678,Pilot,1919-09-14,105,65+,Kenneth Owen
C00521,Jackson,Brown,Scottberg,8807795431,Photographer,1986-11-16,38,35-50,Jackson Brown
C00522,Brooke,Baldwin,Josestad,9490228329,Farmer,1918-11-24,106,65+,Brooke Baldwin
C00523,Victor,Cardenas,Rodgersburgh,3993736945,Lifeguard,1916-07-03,108,65+,Victor Cardenas
C00524,Kenneth,Williams,Chasemouth,1020248029,Fireman,1912-10-20,112,65+,Kenneth Williams
C00525,Laura,Hampton,West William,9456516444,Painter,1970-12-01,54,50-65,Laura Hampton
C00526,Leonard,Adams,Lake Stephaniefurt,7391599108,Pilot,1946-01-14,78,65+,Leonard Adams
C00527,Patricia,Velasquez,Anntown,3420428495,Architect,1937-07-06,87,65+,Patricia Velasquez
C00528,Thomas,Coleman,Raymondside,6484395797,Doctor,1950-12-05,74,65+,Thomas Coleman
C00529,Amy,Gonzalez,Villarrealmouth,9006587175,Builder,1958-02-17,66,65+,Amy Gonzalez
C00530,Amy,Torres,Port Karen,562624880,Pilot,1929-05-24,95,65+,Amy Torres
C00531,Robert,Castillo,Port Jamesshire,570035712,American football player,1934-01-23,90,65+,Robert Castillo
C00532,Sandra,White,East Davidville,2090078374,Repairman,1996-05-06,28,25-35,Sandra White
C00533,Susan,Long,Lake Martha,162999280,Housekeeper,1995-09-30,29,25-35,Susan Long
C00534,Sara,Walton,Cruzberg,8607562622,Gardener,1919-04-12,105,65+,Sara Walton
C00535,Jacqueline,Kline,Hardyland,9993656400,Librarian,1925-06-04,99,65+,Jacqueline Kline
C00536,Melinda,Torres,Lake Mark,8486832758,Scientist,1999-06-24,25,Below 25,Melinda Torres
C00537,Arthur,Watson,New Brandonmouth,7746063389,Singer,1915-03-07,109,65+,Arthur Watson
C00538,Amy,Phillips,South Markville,8148697861,Scientist,1986-05-07,38,35-50,Amy Phillips
C00539,Nicole,Moore,New Kristentown,6687711408,Pope,2000-02-13,24,Below 25,Nicole Moore
C00540,David,Munoz,Micheleland,1754078134,Priest,1981-03-03,43,35-50,David Munoz
C00541,Arthur,Blake,North Jessicafurt,9526822469,Priest,1975-01-21,49,35-50,Arthur Blake
C00542,Robert,Matthews,West Williamborough,7992782569,Journalist,1944-03-22,80,65+,Robert Matthews
C00543,Megan,Malone,South Sonya,2655467688,Carpenter,1937-06-15,87,65+,Megan Malone
C00544,Jeffrey,Henderson,Lisahaven,1564797349,Pope,1993-08-08,31,25-35,Jeffrey Henderson
C00545,Bianca,Williams,New Andrewton,6345203148,Soldier,1930-10-21,94,65+,Bianca Williams
C00546,Craig,Adams,Jonathanview,5540350167,Mechanic,1970-03-15,54,50-65,Craig Adams
C00547,Gina,Morris,Lake Paul,1939675765,Reporter,2002-01-17,22,Below 25,Gina Morris
C00548,Jason,Vargas,Popeport,3099210734,Professor,1943-04-26,81,65+,Jason Vargas
C00549,Tyler,Roberts,Port Robertmouth,8621647060,Cameraman,1983-01-12,41,35-50,Tyler Roberts
C00550,Tara,Mcdowell,South Joshuachester,215135782,Mechanic,1985-05-30,39,35-50,Tara Mcdowell
C00551,Meagan,Walton,West Matthewside,8316757559,Pope,1979-10-31,45,35-50,Meagan Walton
C00552,Paul,Molina,West Benjamin,9444241234,Farmer,1958-05-10,66,65+,Paul Molina
C00553,Christine,Lyons,North Aaronborough,8044236618,Geisha,1946-01-07,78,65+,Christine Lyons
C00554,Robin,Sanchez,Port Chadfort,3162206067,Geisha,1961-05-13,63,50-65,Robin Sanchez
C00555,Amanda,Sanders,New Amandaberg,9051780899,Forest ranger,1974-03-04,50,35-50,Amanda Sanders
C00556,Cody,Taylor,Cherylhaven,3606313284,Fireman,2003-04-28,21,Below 25,Cody Taylor
C00557,Matthew,Jacobs,Lake Denisetown,9628668564,Doorman,1991-05-07,33,25-35,Matthew Jacobs
C00558,Luis,Cruz,East Anthonyfort,565152440,Dentist,1914-03-29,110,65+,Luis Cruz
C00559,Tina,Williams,Lake Gabriel,1826782032,Carpenter,1987-08-29,37,35-50,Tina Williams
C00560,John,Lee,Harveyport,7990011986,American football player,1957-12-15,67,65+,John Lee
C00561,Thomas,Sparks,Adkinston,7254043083,Soldier,1963-04-27,61,50-65,Thomas Sparks
C00562,Kevin,Smith,North Emilyfurt,2352736767,Priest,1929-03-29,95,65+,Kevin Smith
C00563,Christopher,Oliver,West Linda,220692223,Soldier,1934-08-28,90,65+,Christopher Oliver
C00564,William,Lucas,Alvaradoburgh,9799352927,Pirate,1942-03-14,82,65+,William Lucas
C00565,Rebecca,Espinoza,South Jonathan,9289394197,Pope,1991-02-19,33,25-35,Rebecca Espinoza
C00566,Crystal,Murphy,Kirbyville,7347602424,Footballer,1997-02-19,27,25-35,Crystal Murphy
C00567,Melissa,Christian,North Aprilborough,1680237283,Flight attendant,1936-01-03,88,65+,Melissa Christian
C00568,Richard,Jensen,New Kathryn,7536985957,Construction worker,1924-06-23,100,65+,Richard Jensen
C00569,Brittany,Rodriguez,Grahamhaven,3490838190,Geisha,1991-08-02,33,25-35,Brittany Rodriguez
C00570,Robert,Melton,West Thomas,8873620110,Singer,1969-03-18,55,50-65,Robert Melton
C00571,Nichole,Gibbs,Cindystad,4612523029,Police officer,1981-04-14,43,35-50,Nichole Gibbs
C00572,Christina,Morris,Baileyshire,4518460128,Diver,1967-03-22,57,50-65,Christina Morris
C00573,Vickie,Bowen,Wallmouth,9983352699,Farmer,1934-11-19,90,65+,Vickie Bowen
C00574,Craig,Hamilton,Richmondport,814865747,Boxer,1917-08-31,107,65+,Craig Hamilton
C00575,Jessica,Villegas,West Crystal,4228406606,Painter,1975-07-19,49,35-50,Jessica Villegas
C00576,Amy,Davis,East Brian,318644542,Secretary,1915-04-29,109,65+,Amy Davis
C00577,Karen,Gray,Amyview,2427063951,Housewife,1961-01-25,63,50-65,Karen Gray
C00578,Andrew,Chase,Tracyton,8979933871,Soldier,1935-10-05,89,65+,Andrew Chase
C00579,Richard,Flowers,Comptonbury,3125921559,Forest ranger,1927-02-10,97,65+,Richard Flowers
C00580,Kristi,Herman,Robertbury,3575022427,Mechanic,1950-11-13,74,65+,Kristi Herman
C00581,Jason,May,South Damonport,535725913,Pope,1974-07-27,50,35-50,Jason May
C00582,Sean,Thomas,Port Laura,7030583926,Train conductor,1956-01-09,68,65+,Sean Thomas
C00583,Dawn,Stone,Mcbridemouth,4477079405,Builder,1954-09-13,70,65+,Dawn Stone
C00584,April,Simon,Reedmouth,5287510412,Repairman,1924-12-01,100,65+,April Simon
C00585,Derek,Williams,West Benjamin,5394185987,Pilot,1962-10-25,62,50-65,Derek Williams
C00586,Thomas,Myers,Arthurton,5312537560,Doorman,1927-03-06,97,65+,Thomas Myers
C00587,Alex,Stephenson,Nicholashaven,9508957239,Fireman,1962-10-19,62,50-65,Alex Stephenson
C00588,Shannon,Costa,Juanton,3876850174,Pirate,1941-08-02,83,65+,Shannon Costa
C00589,Rachel,Gonzales,Stevenland,2379611819,Paramedic,1963-06-21,61,50-65,Rachel Gonzales
C00590,Daniel,Myers,Caldwellfurt,111127873,Soldier,1961-09-02,63,50-65,Daniel Myers
C00591,Jacqueline,Franklin,New Marietown,5984851734,Cameraman,1968-12-16,56,50-65,Jacqueline Franklin
C00592,Sarah,Peck,Torresville,8138750052,Boxer,1962-11-08,62,50-65,Sarah Peck
C00593,Robert,Blankenship,Simonland,2879752534,Train conductor,1936-08-19,88,65+,Robert Blankenship
C00594,Jerry,Byrd,Rachelhaven,3092325079,Forest ranger,1950-08-25,74,65+,Jerry Byrd
C00595,Douglas,Hines,Lake Darren,8477944902,Secretary,1946-12-02,78,65+,Douglas Hines
C00596,William,Cameron,Leonmouth,4077089209,Journalist,1998-03-26,26,25-35,William Cameron
C00597,Elizabeth,Watson,Lake Jennifer,5984378074,Detective,1912-09-22,112,65+,Elizabeth Watson
C00598,Tamara,Douglas,Markmouth,4828101029,Mechanic,1941-10-02,83,65+,Tamara Douglas
C00599,Kristin,Morrow,Craigton,8800379486,Mechanic,1916-04-30,108,65+,Kristin Morrow
C00600,Sarah,Carter,Stephanieville,5255665268,Magician,1914-01-13,110,65+,Sarah Carter
C00601,Daniel,Wood,Jessicashire,8730679807,Architect,2002-01-05,22,Below 25,Daniel Wood
C00602,Michael,Adkins,Lake Rodney,8455288786,Repairman,1947-05-10,77,65+,Michael Adkins
C00603,Scott,Thomas,South Johnny,9330076799,Secretary,1948-03-24,76,65+,Scott Thomas
C00604,Kathleen,Stewart,Wilsonburgh,9178970639,Pilot,1971-08-27,53,50-65,Kathleen Stewart
C00605,Todd,Henderson,Walkerfurt,1163373711,Professor,1971-07-14,53,50-65,Todd Henderson
C00606,David,Moore,Jonesborough,9136585930,Builder,1944-05-10,80,65+,David Moore
C00607,Brittany,Brandt,Sheriport,7937022649,Postman,1970-04-20,54,50-65,Brittany Brandt
C00608,Daniel,Harrison,Diazchester,6460129815,Lifeguard,1994-08-22,30,25-35,Daniel Harrison
C00609,Sarah,Mooney,Andradeton,7045837857,Waiter,1934-04-02,90,65+,Sarah Mooney
C00610,Robert,Proctor,New Kyle,2703169631,American football player,1936-05-02,88,65+,Robert Proctor
C00611,Matthew,Sparks,South Kenneth,8882177892,Scientist,1913-05-23,111,65+,Matthew Sparks
C00612,Joseph,Marshall,Rodriguezport,4607768445,Housekeeper,1974-10-15,50,35-50,Joseph Marshall
C00613,Jessica,Hill,Lake Bethanyhaven,8352818009,Student,1983-04-15,41,35-50,Jessica Hill
C00614,Eugene,Young,Loveton,2755352282,Construction worker,1996-04-11,28,25-35,Eugene Young
C00615,Dale,Cortez,Lake Markmouth,1902551688,Lifeguard,1995-05-20,29,25-35,Dale Cortez
C00616,Laura,Ryan,Bellfurt,6024703468,Detective,1967-09-16,57,50-65,Laura Ryan
C00617,Nancy,Griffin,Hudsonton,680582127,Professor,1993-05-26,31,25-35,Nancy Griffin
C00618,Paul,Morales,Daviston,9650564463,Soldier,1918-11-26,106,65+,Paul Morales
C00619,Terri,Sanford,Spenceshire,4814362768,Pope,1949-02-19,75,65+,Terri Sanford
C00620,Tony,Cook,Lake Elizabethfort,3645359842,Farmer,1957-09-14,67,65+,Tony Cook
C00621,Kathryn,Page,East Jeanette,3270369156,Nurse,1951-12-25,73,65+,Kathryn Page
C00622,Patrick,Hogan,South Kristen,7101546898,Salesman,1933-03-11,91,65+,Patrick Hogan
C00623,Cameron,Chapman,Prestonton,6401512727,Diver,1938-03-04,86,65+,Cameron Chapman
C00624,Lori,Spencer,Lake Leroy,7774208352,Magician,2001-09-16,23,Below 25,Lori Spencer
C00625,Katherine,Moore,West Jacquelineborough,7859593615,Fireman,1931-04-19,93,65+,Katherine Moore
C00626,John,Ramsey,Lake Janiceside,9126934223,Detective,2004-02-01,20,Below 25,John Ramsey
C00627,Lori,Bradshaw,Clarkchester,7579610170,Police officer,1995-05-24,29,25-35,Lori Bradshaw
C00628,Sherry,Meyer,Hansenport,4405884272,Construction worker,1950-03-25,74,65+,Sherry Meyer
C00629,Julia,Hill,Carmenburgh,8287779123,Librarian,1990-06-07,34,25-35,Julia Hill
C00630,Eric,Manning,Spencershire,4186167319,Police officer,1948-09-03,76,65+,Eric Manning
C00631,Willie,Bates,Davidchester,8604150090,Carpenter,1915-07-08,109,65+,Willie Bates
C00632,Robert,Becker,Traciemouth,5019242468,Forest ranger,1983-10-18,41,35-50,Robert Becker
C00633,Amanda,Conner,Heathertown,5254176139,American football player,1928-01-19,96,65+,Amanda Conner
C00634,Jeffrey,Vang,Lake Darrell,8193914007,Carpenter,1999-01-18,25,Below 25,Jeffrey Vang
C00635,Vickie,Torres,West Jillian,1404557117,Painter,1927-04-24,97,65+,Vickie Torres
C00636,George,Baker,Mooreberg,5802476267,Magician,1946-05-25,78,65+,George Baker
C00637,Krista,Marshall,Vegaville,2825747479,Lifeguard,1935-03-22,89,65+,Krista Marshall
C00638,Jesse,Petty,Combschester,4890317900,Housewife,1996-09-18,28,25-35,Jesse Petty
C00639,Susan,Miller,Port Katherine,8044323335,Pilot,2005-07-07,19,Below 25,Susan Miller
C00640,Manuel,Vaughn,Samuelstad,3845471038,Architect,1982-10-14,42,35-50,Manuel Vaughn
C00641,Debra,Montgomery,Salazarmouth,1925317401,Professor,2004-12-31,20,Below 25,Debra Montgomery
C00642,Kristina,Clark,Port Brian,5148328916,Singer,1940-02-26,84,65+,Kristina Clark
C00643,Crystal,Knight,Lake Amy,8549408723,Soldier,1938-05-29,86,65+,Crystal Knight
C00644,Sabrina,Turner,Port Emily,9440372211,Carpenter,1975-04-15,49,35-50,Sabrina Turner
C00645,Taylor,Becker,New Timothy,7216616965,Pope,1967-05-23,57,50-65,Taylor Becker
C00646,David,Johnson,Timothymouth,9328131842,Clown,1980-03-09,44,35-50,David Johnson
C00647,Sarah,Watson,Ashleymouth,9898591958,Secretary,1929-08-23,95,65+,Sarah Watson
C00648,Derek,Smith,New Jesusview,8502033614,Police officer,1939-02-16,85,65+,Derek Smith
C00649,Anna,Howard,South Matthew,5971244995,Architect,1932-06-04,92,65+,Anna Howard
C00650,Karen,Williams,Richardburgh,9977658016,Singer,1974-10-12,50,35-50,Karen Williams
C00651,Jason,Moss,North Michael,6927667137,Housewife,1944-04-18,80,65+,Jason Moss
C00652,Edward,Perez,South Christine,2148603120,Pope,1950-05-11,74,65+,Edward Perez
C00653,Tony,Long,South Curtis,4503375411,Secretary,2005-07-09,19,Below 25,Tony Long
C00654,Michael,Russell,North Victor,7058759831,Carpenter,1990-10-15,34,25-35,Michael Russell
C00655,Katherine,Rodriguez,Loriport,3612542147,Mechanic,1960-10-08,64,50-65,Katherine Rodriguez
C00656,Jeremiah,Jones,East Carriehaven,9777749823,Diver,1968-12-06,56,50-65,Jeremiah Jones
C00657,Brooke,Walter,West Carolmouth,343518258,Boxer,1962-07-25,62,50-65,Brooke Walter
C00658,Robert,Fisher,Port Jennifer,5570418344,Nurse,1996-07-22,28,25-35,Robert Fisher
C00659,Max,Padilla,North Mackenzie,7709275046,Detective,1940-09-10,84,65+,Max Padilla
C00660,Christine,Brooks,East Phyllis,8738562080,Lunchroom supervisor,2002-01-31,22,Below 25,Christine Brooks
C00661,Christy,Velez,Lake Angela,2272112149,Photographer,1935-01-16,89,65+,Christy Velez
C00662,Susan,Cannon,Lake Cheryl,8527088622,Clown,1954-11-20,70,65+,Susan Cannon
C00663,Ronald,Lowe,New Alfredstad,8263804978,Lifeguard,1977-09-11,47,35-50,Ronald Lowe
C00664,Hannah,Nelson,North Tony,7161107658,Pilot,2003-06-08,21,Below 25,Hannah Nelson
C00665,Tammy,Peters,Leonardtown,8809468216,Engineer,1971-02-12,53,50-65,Tammy Peters
C00666,Derrick,Mcdonald,East Mark,6282514199,Engineer,1968-07-18,56,50-65,Derrick Mcdonald
C00667,Christopher,Shannon,Port Jasonville,3555378227,Secretary,1926-03-07,98,65+,Christopher Shannon
C00668,Brian,Mcbride,South Robert,8915665829,Businessman,2001-01-03,23,Below 25,Brian Mcbride
C00669,Katherine,Edwards,Danielberg,1311710244,Surgeon,1966-04-27,58,50-65,Katherine Edwards
C00670,Christopher,Edwards,Nicholasside,2285110435,Builder,1936-07-01,88,65+,Christopher Edwards
C00671,Blake,Hardin,Port Jillian,9908154306,Housekeeper,1955-10-05,69,65+,Blake Hardin
C00672,Garrett,Fields,Port Carolineborough,9219048167,Clown,1989-01-17,35,25-35,Garrett Fields
C00673,Ann,Garza,South Williamshire,2344161760,Painter,1938-02-10,86,65+,Ann Garza
C00674,Erin,Fleming,Gardnertown,3163712101,Farmer,1914-11-05,110,65+,Erin Fleming
C00675,Joshua,Gomez,Danielleville,9447752700,Flight attendant,2002-05-27,22,Below 25,Joshua Gomez
C00676,Alan,Carter,Paulland,4892417194,Gardener,2002-04-14,22,Below 25,Alan Carter
C00677,Sarah,Burch,Lake Melissa,7216074757,Farmer,1950-08-19,74,65+,Sarah Burch
C00678,Jason,Mcmahon,Port Ashley,4584356584,Painter,1912-09-29,112,65+,Jason Mcmahon
C00679,Rhonda,Stanley,North Annestad,8611542614,Pope,1995-03-04,29,25-35,Rhonda Stanley
C00680,Charles,Gray,Joshuaburgh,6657777009,Singer,1921-01-20,103,65+,Charles Gray
C00681,Daniel,Brown,North John,3314720161,American football player,1989-06-03,35,25-35,Daniel Brown
C00682,Jamie,Allen,Collinsside,6446979356,Student,1920-10-17,104,65+,Jamie Allen
C00683,Zachary,Moore,Alvarezville,3267505941,Singer,1968-10-14,56,50-65,Zachary Moore
C00684,Christopher,Underwood,Tamaraview,2147935676,Footballer,1936-01-25,88,65+,Christopher Underwood
C00685,Mary,Cooper,New Herbertshire,3154599551,Scientist,1952-11-09,72,65+,Mary Cooper
C00686,Miguel,Wright,South Angelaview,7787612180,Singer,1967-07-20,57,50-65,Miguel Wright
C00687,Jeffery,Jones,Sabrinaton,8507958898,Librarian,1988-07-12,36,35-50,Jeffery Jones
C00688,Michael,Booker,Espinozaburgh,6564070573,Mechanic,1952-08-10,72,65+,Michael Booker
C00689,Tyler,Chen,West Ashley,9920140428,Mechanic,1925-07-07,99,65+,Tyler Chen
C00690,Connie,Brandt,North Ryan,53813775,Housewife,1924-02-16,100,65+,Connie Brandt
C00691,Darren,Watson,Kennethview,8761569482,Repairman,1965-11-05,59,50-65,Darren Watson
C00692,Lawrence,Fry,Fryeshire,2911696458,Geisha,1980-06-21,44,35-50,Lawrence Fry
C00693,Michael,Hartman,West Douglasport,6075313905,Salesman,1938-10-09,86,65+,Michael Hartman
C00694,Danny,Perez,Stewartstad,8773408635,Architect,1916-04-04,108,65+,Danny Perez
C00695,Brittany,Knapp,New Jeffreyville,5531447275,Librarian,1913-12-07,111,65+,Brittany Knapp
C00696,Kenneth,Gomez,Woodsside,3289520383,Builder,1960-05-27,64,50-65,Kenneth Gomez
C00697,James,Smith,New Michaelburgh,2480811279,Construction worker,2003-09-23,21,Below 25,James Smith
C00698,Tracie,Montes,Port Danielton,2482669804,Lunchroom supervisor,1943-04-11,81,65+,Tracie Montes
C00699,Jason,Hall,Jeffreyton,5211196029,Soldier,1969-02-10,55,50-65,Jason Hall
C00700,Miranda,Stone,Port Micheleshire,4087934571,Pilot,1985-08-21,39,35-50,Miranda Stone
C00701,Hannah,Harris,Stephenbury,17470413,Train conductor,1993-08-10,31,25-35,Hannah Harris
C00702,Jessica,Martin,Craigshire,1137314723,Electrician,1947-10-19,77,65+,Jessica Martin
C00703,Jennifer,Glass,Jonathanside,8592338161,Businessman,1971-04-02,53,50-65,Jennifer Glass
C00704,Allison,Vaughn,Dianaburgh,6382032040,Cameraman,1921-05-15,103,65+,Allison Vaughn
C00705,Devin,Benitez,East Tracy,7408708460,Pilot,1947-08-07,77,65+,Devin Benitez
C00706,Frances,Johnson,West Danielshire,7370057661,Businessman,1951-05-23,73,65+,Frances Johnson
C00707,Cody,Preston,South Michelleview,2526449803,Surgeon,1929-07-05,95,65+,Cody Preston
C00708,Olivia,Cooper,Waltersburgh,2843002294,Fireman,1993-04-22,31,25-35,Olivia Cooper
C00709,Richard,Davis,Perryville,8935680585,Diver,1953-07-17,71,65+,Richard Davis
C00710,Katherine,Andrews,Matthewsfort,8525884952,Waiter,1970-08-09,54,50-65,Katherine Andrews
C00711,John,Kelly,New Katelynshire,4388148641,Boxer,1914-06-06,110,65+,John Kelly
C00712,Kathryn,Landry,Port Stephanieport,9197902289,Mechanic,1928-06-23,96,65+,Kathryn Landry
C00713,Carly,Hansen,East Toni,4742042226,Cameraman,1958-01-11,66,65+,Carly Hansen
C00714,Elizabeth,Dixon,Millerview,6130846286,Pilot,1914-05-28,110,65+,Elizabeth Dixon
C00715,Teresa,Jones,North Brianna,8318534730,Construction worker,1997-07-15,27,25-35,Teresa Jones
C00716,Joshua,Barker,Smithchester,2910013705,Priest,1914-05-28,110,65+,Joshua Barker
C00717,Charles,Moore,New Chelseaport,509600608,Scientist,1949-12-14,75,65+,Charles Moore
C00718,Jeff,Kelley,Port Kellytown,7722723168,Mechanic,1960-10-13,64,50-65,Jeff Kelley
C00719,Jeremy,Ford,New Jennifer,304196671,Pirate,1990-06-19,34,25-35,Jeremy Ford
C00720,Sarah,Andersen,West Alisonfurt,3376904118,Housewife,1955-01-28,69,65+,Sarah Andersen
C00721,Breanna,Cobb,Karenberg,1811207846,Singer,1937-11-08,87,65+,Breanna Cobb
C00722,Cassandra,Wilson,Donaldville,7829028539,Architect,1917-07-26,107,65+,Cassandra Wilson
C00723,Kenneth,Lin,Edwardsshire,6206207844,American football player,1914-05-28,110,65+,Kenneth Lin
C00724,William,Crosby,West Daniellefort,8369407811,Paramedic,1929-02-07,95,65+,William Crosby
C00725,Jason,Martinez,Scottchester,9433553409,Soldier,1941-08-11,83,65+,Jason Martinez
C00726,Ashley,Martinez,Port Carlos,9144701967,Soldier,1923-12-10,101,65+,Ashley Martinez
C00727,Eric,Reynolds,Gonzalezton,3739040920,Professor,1960-05-09,64,50-65,Eric Reynolds
C00728,Jennifer,Lowery,New Adamland,7285502400,Forest ranger,1977-04-30,47,35-50,Jennifer Lowery
C00729,Elizabeth,Jones,Conradbury,7574401106,Clown,1961-09-03,63,50-65,Elizabeth Jones
C00730,Ashley,Dunn,North Christopherchester,319054196,Painter,1965-06-22,59,50-65,Ashley Dunn
C00731,Terri,Browning,Thomasstad,8061730452,Scientist,1942-05-28,82,65+,Terri Browning
C00732,Cristian,Mills,Port Michelleburgh,4966020772,Cameraman,1933-01-12,91,65+,Cristian Mills
C00733,Rebecca,Baker,Feliciaview,3996675480,Waiter,1982-01-30,42,35-50,Rebecca Baker
C00734,Kathy,Patel,South Lisahaven,6511094957,Pilot,1990-04-30,34,25-35,Kathy Patel
C00735,Alan,Montgomery,Natalieshire,1936040570,Clown,1928-08-22,96,65+,Alan Montgomery
C00736,Randall,Stephenson,Joanneland,1835822950,Lunchroom supervisor,1936-05-01,88,65+,Randall Stephenson
C00737,Gavin,Donovan,Lake Robert,8167436578,Surgeon,1995-07-09,29,25-35,Gavin Donovan
C00738,Rose,Leach,Allenhaven,2436121612,Paramedic,1998-02-27,26,25-35,Rose Leach
C00739,Denise,Bishop,Nelsonport,9174981374,Businessman,1917-04-28,107,65+,Denise Bishop
C00740,Yolanda,Collins,East Jessehaven,3475822679,Housewife,1940-07-26,84,65+,Yolanda Collins
C00741,Angela,Lynch,Lake Alex,177753521,Repairman,1968-08-02,56,50-65,Angela Lynch
C00742,Mark,Anderson,Annetteshire,4433969381,Clown,1973-08-07,51,50-65,Mark Anderson
C00743,Joseph,Hutchinson,East Michaelburgh,2955040281,Pirate,1976-11-16,48,35-50,Joseph Hutchinson
C00744,Carlos,Bailey,North Billyshire,9375869288,Paramedic,1917-08-18,107,65+,Carlos Bailey
C00745,Heather,Brown,New Kevin,7117229290,Priest,1975-04-14,49,35-50,Heather Brown
C00746,Brandon,Lowe,Lawrencehaven,5401142506,Postman,1990-04-17,34,25-35,Brandon Lowe
C00747,John,Francis,South Sharon,4172508799,Student,1968-07-15,56,50-65,John Francis
C00748,John,Mcdowell,Maryville,7909501006,Scientist,1991-08-01,33,25-35,John Mcdowell
C00749,Rebecca,Cisneros,South Jessica,5905135320,Painter,1937-04-17,87,65+,Rebecca Cisneros
C00750,Lawrence,Benitez,Lake Tiffanyhaven,5016326227,Train conductor,1928-05-16,96,65+,Lawrence Benitez
C00751,Michael,Schultz,Marymouth,455349000,Pilot,1959-03-10,65,50-65,Michael Schultz
C00752,James,Lee,Patriciaville,6649759124,Doctor,1942-09-19,82,65+,James Lee
C00753,Patrick,Harper,Toddland,887160036,Secretary,1969-11-30,55,50-65,Patrick Harper
C00754,Dawn,Wolf,South Ashley,2397057166,Builder,1943-04-22,81,65+,Dawn Wolf
C00755,Brianna,Thomas,North Chelseamouth,8011077155,Gardener,1986-10-26,38,35-50,Brianna Thomas
C00756,Andrew,Jones,East Christopher,8501963549,Geisha,1986-03-14,38,35-50,Andrew Jones
C00757,Thomas,Ortega,Morrischester,4998426896,Priest,1961-01-31,63,50-65,Thomas Ortega
C00758,Brenda,Carpenter,Cherylhaven,5821488795,Photographer,1951-03-17,73,65+,Brenda Carpenter
C00759,Teresa,Thompson,Jessicaland,822301573,Mechanic,1925-10-22,99,65+,Teresa Thompson
C00760,Eileen,Thomas,Samanthahaven,5308465788,Housekeeper,1937-01-16,87,65+,Eileen Thomas
C00761,James,Gray,Port Jenniferhaven,5879518913,Waiter,1988-08-06,36,35-50,James Gray
C00762,Margaret,Ali,East Michaelside,5342101749,Repairman,1973-12-25,51,50-65,Margaret Ali
C00763,David,Mills,West Patricia,5793497358,Boxer,2004-06-06,20,Below 25,David Mills
C00764,Tonya,Martinez,South Taylorbury,9091552479,Cameraman,1955-12-24,69,65+,Tonya Martinez
C00765,Holly,Cooper,Jerryhaven,6954253734,Train conductor,1940-06-20,84,65+,Holly Cooper
C00766,Jacqueline,Ward,Port Amandaberg,6540596863,Carpenter,1917-10-03,107,65+,Jacqueline Ward
C00767,Victor,Morrison,New Maryborough,6724173566,Cameraman,1933-04-12,91,65+,Victor Morrison
C00768,Samuel,Avila,Port Jennifer,1519330194,Diver,2003-10-27,21,Below 25,Samuel Avila
C00769,Jeremiah,Johnson,Glennhaven,5555142353,Foreman,1933-06-09,91,65+,Jeremiah Johnson
C00770,Jonathan,Sanchez,West Michelleton,5133148016,Electrician,1934-04-16,90,65+,Jonathan Sanchez
C00771,Jasmine,Clark,North Carrieland,1715657251,Paramedic,1991-06-03,33,25-35,Jasmine Clark
C00772,Steven,Wilson,Amandafort,9424886376,Pirate,1975-06-18,49,35-50,Steven Wilson
C00773,Luis,Bailey,South Marcus,2111217376,Architect,1972-11-16,52,50-65,Luis Bailey
C00774,Catherine,Burnett,Paulstad,2452036831,Police officer,1921-07-10,103,65+,Catherine Burnett
C00775,Emily,Livingston,Phillipsbury,1800084100,Waiter,1953-09-28,71,65+,Emily Livingston
C00776,Sean,Brown,Port Andrew,8484260462,Mechanic,1973-07-26,51,50-65,Sean Brown
C00777,John,Macias,Johnsonview,6004919564,Doorman,1965-04-06,59,50-65,John Macias
C00778,Kelsey,Erickson,Angelaborough,5922902305,Clown,1937-12-16,87,65+,Kelsey Erickson
C00779,Richard,Webster,Lisamouth,5624293450,Carpenter,1954-10-30,70,65+,Richard Webster
C00780,Victoria,Garrett,Port Kenneth,1105187472,Secretary,1970-07-08,54,50-65,Victoria Garrett
C00781,Aaron,Garcia,East Crystalshire,7902728090,Reporter,1951-04-12,73,65+,Aaron Garcia
C00782,Shawn,Ross,Jamesstad,4897199586,Pope,1928-09-14,96,65+,Shawn Ross
C00783,Lauren,Reed,Port Jennifer,6209133934,Doctor,2001-11-29,23,Below 25,Lauren Reed
C00784,Michael,Rogers,Haleychester,4868315179,Professor,1921-08-06,103,65+,Michael Rogers
C00785,Norman,Hunt,Port Jason,2764541053,Diver,1975-05-24,49,35-50,Norman Hunt
C00786,Michael,Burton,Garrisonton,8724857853,Librarian,1958-09-13,66,65+,Michael Burton
C00787,Debra,Castillo,West Paul,6837298269,Forest ranger,1972-11-07,52,50-65,Debra Castillo
C00788,Jacqueline,Everett,Maryhaven,9642765836,Doorman,1927-02-09,97,65+,Jacqueline Everett
C00789,Noah,Clark,West Lindafort,3095498444,Construction worker,1980-04-06,44,35-50,Noah Clark
C00790,Barbara,Espinoza,Port Nicholas,1092335590,Architect,1968-04-22,56,50-65,Barbara Espinoza
C00791,Adam,Perez,South Jamie,7687677253,Police officer,1958-09-20,66,65+,Adam Perez
C00792,Thomas,Jacobson,Abigailfurt,7728903486,Nurse,1991-05-02,33,25-35,Thomas Jacobson
C00793,Howard,Jackson,Sanchezport,6548601120,Train conductor,1931-11-14,93,65+,Howard Jackson
C00794,Rachel,Moore,Nicholashaven,35132834,Construction worker,2001-09-13,23,Below 25,Rachel Moore
C00795,Robert,Sullivan,East Deannahaven,8342892688,Surgeon,1930-01-29,94,65+,Robert Sullivan
C00796,Katie,Roberts,West Jamesville,7551686242,Builder,1987-10-08,37,35-50,Katie Roberts
C00797,Jesus,Gonzalez,North Megan,1005331722,Pilot,2001-04-11,23,Below 25,Jesus Gonzalez
C00798,Emily,Clark,West James,3394840648,Diver,1989-05-02,35,25-35,Emily Clark
C00799,Angela,Maynard,Michellebury,5697992766,Repairman,1979-05-24,45,35-50,Angela Maynard
C00800,Steven,Benson,West Elizabeth,2719967010,American football player,1918-11-01,106,65+,Steven Benson
C00801,Stephen,Chung,Oliviaberg,2724393314,Scientist,1936-01-23,88,65+,Stephen Chung
C00802,Kristen,Baker,Coffeyhaven,6968005576,Painter,1999-07-01,25,Below 25,Kristen Baker
C00803,Oscar,Brown,Lake Stephaniefurt,3529397922,Scientist,2001-06-23,23,Below 25,Oscar Brown
C00804,Carrie,Jones,Gambleside,6286752492,Foreman,1949-07-31,75,65+,Carrie Jones
C00805,David,Weber,Port Lance,8776788679,Singer,1984-11-04,40,35-50,David Weber
C00806,David,Miles,Port James,765483681,Waiter,1993-03-12,31,25-35,David Miles
C00807,Clifford,Yates,East Christopher,4478356230,Paramedic,1932-08-11,92,65+,Clifford Yates
C00808,Scott,Odonnell,Anthonystad,7531643412,Detective,1948-12-15,76,65+,Scott Odonnell
C00809,Bryan,Hill,Garciaborough,6645933722,Mechanic,1958-12-14,66,65+,Bryan Hill
C00810,Curtis,Rose,Nathanborough,7851120325,Student,1988-01-20,36,35-50,Curtis Rose
C00811,Lindsay,Bryan,Port Bradley,2163853739,Lunchroom supervisor,1920-08-24,104,65+,Lindsay Bryan
C00812,Stephanie,Davis,Vaughnborough,7345243369,Librarian,1923-08-28,101,65+,Stephanie Davis
C00813,Eric,Martinez,South Tiffanychester,7102758867,Scientist,1926-04-05,98,65+,Eric Martinez
C00814,Robert,Baker,North Alexander,4016904449,Pope,1991-01-06,33,25-35,Robert Baker
C00815,Matthew,Garner,Jesseland,8271164887,Clown,1945-05-11,79,65+,Matthew Garner
C00816,Charles,Allen,New Timothychester,8921287665,Nurse,1944-11-28,80,65+,Charles Allen
C00817,Mark,Davis,Marshallborough,5864029070,Pope,1945-01-03,79,65+,Mark Davis
C00818,Sandra,Dixon,Coleburgh,6029115531,Boxer,1960-04-15,64,50-65,Sandra Dixon
C00819,Brian,Williams,Ochoachester,8603713363,Secretary,1917-08-24,107,65+,Brian Williams
C00820,Lauren,Clark,Benjaminberg,1206993569,Student,1941-09-26,83,65+,Lauren Clark
C00821,Carlos,Brown,Port Williammouth,9453394045,Reporter,1928-10-01,96,65+,Carlos Brown
C00822,Shawna,Perez,North Melissamouth,3802950231,Pirate,1924-06-28,100,65+,Shawna Perez
C00823,Katie,Hall,New Teresa,6854046927,Lunchroom supervisor,2005-04-08,19,Below 25,Katie Hall
C00824,Michael,Walker,New Jonathan,7845791229,Reporter,2004-11-23,20,Below 25,Michael Walker
C00825,Thomas,Moore,Michaelside,1396927497,Repairman,1939-01-06,85,65+,Thomas Moore
C00826,Crystal,Vaughn,New Tina,1616960756,Footballer,1916-03-07,108,65+,Crystal Vaughn
C00827,Christina,Johnson,Port Jamie,7447019387,Mechanic,1959-06-28,65,50-65,Christina Johnson
C00828,Jose,Wheeler,East Johnshire,6522533578,Singer,2004-09-29,20,Below 25,Jose Wheeler
C00829,William,Murray,South Ronaldstad,6224223189,Foreman,1942-12-08,82,65+,William Murray
C00830,Jason,Williams,North Makayla,4981125921,Lunchroom supervisor,1966-12-14,58,50-65,Jason Williams
C00831,Rachel,Hunt,Whitefurt,2679413389,Student,1974-03-30,50,35-50,Rachel Hunt
C00832,Michele,James,Paulaville,9558774415,Police officer,1944-03-25,80,65+,Michele James
C00833,Albert,Krueger,Gibsontown,8175051438,Lifeguard,1975-09-21,49,35-50,Albert Krueger
C00834,Craig,Wagner,East David,8879214157,Reporter,1913-10-27,111,65+,Craig Wagner
C00835,Roger,Garza,Brandonfurt,1536931033,Electrician,1984-09-22,40,35-50,Roger Garza
C00836,Scott,Miller,Youngport,2809843591,Journalist,1983-01-03,41,35-50,Scott Miller
C00837,Stacey,Perry,Port Donald,6734758026,Repairman,1958-03-10,66,65+,Stacey Perry
C00838,Jennifer,Whitehead,East Whitneyport,9664531774,Housewife,1943-03-14,81,65+,Jennifer Whitehead
C00839,Elizabeth,Boone,Port Jasonborough,6980866470,Professor,1966-05-19,58,50-65,Elizabeth Boone
C00840,Sarah,Allen,North Davidport,5357199656,Journalist,1970-11-11,54,50-65,Sarah Allen
C00841,Courtney,Wilson,Owenside,7849334235,Housekeeper,1962-08-01,62,50-65,Courtney Wilson
C00842,Sandra,Davidson,Lake Andrea,9136599197,Surgeon,1989-06-01,35,25-35,Sandra Davidson
C00843,Kimberly,Morris,Jasonfurt,5717758313,Secretary,1982-08-06,42,35-50,Kimberly Morris
C00844,William,Scott,East Jacobtown,3577756249,Student,1932-06-23,92,65+,William Scott
C00845,Jennifer,Richardson,South Kaitlyn,6068767928,Magician,1923-09-18,101,65+,Jennifer Richardson
C00846,Ronnie,Martin,East Jessica,3416493096,American football player,1934-04-09,90,65+,Ronnie Martin
C00847,Kyle,Austin,West Sarahfort,8334859281,Gardener,1954-09-05,70,65+,Kyle Austin
C00848,Heather,Berry,Rachelburgh,1159671630,Boxer,1938-04-20,86,65+,Heather Berry
C00849,Ashley,Morgan,South Mariahaven,3332031818,Businessman,1995-06-17,29,25-35,Ashley Morgan
C00850,Larry,Hogan,Wattsmouth,6086119364,Photographer,1973-07-17,51,50-65,Larry Hogan
C00851,David,Stewart,Williamchester,6083894667,Reporter,1950-09-27,74,65+,David Stewart
C00852,Hannah,Clark,Christopherton,2363623120,Repairman,1987-05-04,37,35-50,Hannah Clark
C00853,James,Jones,Kaylaside,7663695096,Singer,1916-08-25,108,65+,James Jones
C00854,Jodi,Williams,North Danny,4357349263,Photographer,1985-09-09,39,35-50,Jodi Williams
C00855,Mary,Williams,Stewartmouth,1369701514,Salesman,1927-09-06,97,65+,Mary Williams
C00856,Erika,Sweeney,New Nicole,5521123191,Police officer,1925-10-11,99,65+,Erika Sweeney
C00857,Albert,Freeman,South Sarahmouth,7429294025,Fireman,1975-01-02,49,35-50,Albert Freeman
C00858,Matthew,Stewart,South Jamesbury,9830262107,Repairman,1913-01-11,111,65+,Matthew Stewart
C00859,Stephen,Bowman,Littletown,7856434905,Mechanic,1964-10-10,60,50-65,Stephen Bowman
C00860,Brooke,Skinner,Mercadoville,8348807606,Photographer,1993-10-14,31,25-35,Brooke Skinner
C00861,Carrie,Valentine,Sullivanfurt,7856565732,Salesman,1993-05-12,31,25-35,Carrie Valentine
C00862,Edward,Ballard,Peterberg,8557736204,Gardener,1947-02-25,77,65+,Edward Ballard
C00863,April,Lee,Jessicabury,7427526953,Soldier,1971-01-20,53,50-65,April Lee
C00864,Juan,Smith,New Marystad,427854187,Mechanic,1943-11-26,81,65+,Juan Smith
C00865,Isabel,Wilson,Castilloberg,9552631878,Soldier,1947-06-08,77,65+,Isabel Wilson
C00866,Christopher,Kelly,North Andrewview,4217223609,Pirate,1962-12-12,62,50-65,Christopher Kelly
C00867,Glen,Gaines,Hawkinsborough,5239069981,Professor,1984-02-23,40,35-50,Glen Gaines
C00868,Christopher,Nguyen,Matthewland,453545478,Architect,2001-11-15,23,Below 25,Christopher Nguyen
C00869,Joshua,Rodriguez,Jasonside,2116339626,Housewife,1922-09-28,102,65+,Joshua Rodriguez
C00870,Brandon,Mitchell,Kevinbury,937267826,Train conductor,1934-10-22,90,65+,Brandon Mitchell
C00871,Wendy,Harris,Dianehaven,596266106,Lifeguard,2004-09-11,20,Below 25,Wendy Harris
C00872,Christopher,Alvarado,North Jason,7259780339,Businessman,1979-01-24,45,35-50,Christopher Alvarado
C00873,Robert,Reed,Natashaview,8913218584,Dentist,1921-06-13,103,65+,Robert Reed
C00874,Taylor,Bradford,Charlesview,8829710570,Detective,1974-05-10,50,35-50,Taylor Bradford
C00875,Elizabeth,Howard,North Christianside,1852384735,Train conductor,1928-04-16,96,65+,Elizabeth Howard
C00876,Erin,Johnson,Blakefort,3936857801,Scientist,1976-03-04,48,35-50,Erin Johnson
C00877,Rachel,Lin,Port Johnville,7175451523,Housewife,1926-09-28,98,65+,Rachel Lin
C00878,Jonathan,Bradford,Villarrealfurt,7484306200,Police officer,1998-05-11,26,25-35,Jonathan Bradford
C00879,Rachel,Hamilton,Spenceshire,7311054237,Waiter,2002-12-26,22,Below 25,Rachel Hamilton
C00880,Aaron,Montgomery,Mollystad,2911070976,Paramedic,1963-10-26,61,50-65,Aaron Montgomery
C00881,Heather,Mitchell,Lake Lori,5599718769,Journalist,2004-10-16,20,Below 25,Heather Mitchell
C00882,Tammy,Harrison,Josestad,6290926125,Footballer,1941-07-28,83,65+,Tammy Harrison
C00883,Robert,Henry,South Elizabeth,8014790413,Gardener,1922-03-28,102,65+,Robert Henry
C00884,Sabrina,Williams,South Lori,9788466700,Pirate,1934-04-04,90,65+,Sabrina Williams
C00885,Christopher,Mcgee,Mckeemouth,1054921385,Magician,1929-12-26,95,65+,Christopher Mcgee
C00886,Mark,Scott,Burnsville,7813177753,Foreman,2001-06-21,23,Below 25,Mark Scott
C00887,Kendra,Robinson,New Ashleyside,8992781174,Secretary,1987-05-08,37,35-50,Kendra Robinson
C00888,Joshua,Morales,Darrenburgh,2455072624,Priest,1983-08-11,41,35-50,Joshua Morales
C00889,Sharon,Mcguire,New Douglasborough,6331532972,Waiter,1937-03-18,87,65+,Sharon Mcguire
C00890,Calvin,Johnson,South Sara,8504565189,Architect,1945-01-10,79,65+,Calvin Johnson
C00891,Jessica,Hammond,Currybury,9600658886,Lifeguard,1979-05-19,45,35-50,Jessica Hammond
C00892,Andrea,Holt,New Frank,1596926123,Photographer,1956-02-11,68,65+,Andrea Holt
C00893,Nathan,Lawrence,South Jonathanton,6969115738,Flight attendant,1916-10-13,108,65+,Nathan Lawrence
C00894,Alexandra,Gutierrez,Lake Jenniferton,1554040249,American football player,1984-01-17,40,35-50,Alexandra Gutierrez
C00895,Shawn,Goodwin,Tannerton,1094073457,Priest,1931-05-01,93,65+,Shawn Goodwin
C00896,Michelle,Ford,Port Louis,9072506188,Lunchroom supervisor,1968-04-09,56,50-65,Michelle Ford
C00897,Margaret,Turner,Lake Wayne,436254017,Geisha,1955-02-05,69,65+,Margaret Turner
C00898,Cody,Whitaker,North Brooke,7700669635,Student,1921-04-08,103,65+,Cody Whitaker
C00899,Nicholas,Bailey,Michaelhaven,7323589286,Boxer,1968-06-13,56,50-65,Nicholas Bailey
C00900,Jacqueline,Gonzalez,Lake Denise,7483191895,Farmer,1925-06-08,99,65+,Jacqueline Gonzalez
C00901,Dylan,Boone,Lake Dawn,2508223028,Catholic nun,1965-12-01,59,50-65,Dylan Boone
C00902,Dana,Holt,West William,4940087558,Catholic nun,1926-05-27,98,65+,Dana Holt
C00903,Joshua,Dyer,Jenniferland,4726513319,Doctor,1932-06-08,92,65+,Joshua Dyer
C00904,Timothy,Anderson,East Barbara,7514728418,Businessman,1938-06-12,86,65+,Timothy Anderson
C00905,James,Barnes,Bradleyton,7968004811,Nurse,1937-01-12,87,65+,James Barnes
C00906,Gregory,Knight,Esparzaside,8062517077,Cameraman,1948-09-04,76,65+,Gregory Knight
C00907,Victoria,Browning,Rebeccatown,4431474569,Foreman,1939-11-12,85,65+,Victoria Browning
C00908,Sharon,Jones,South Christopherfurt,5548043578,Journalist,1916-09-03,108,65+,Sharon Jones
C00909,Karen,Ruiz,Christianfurt,1743910567,Singer,1981-07-19,43,35-50,Karen Ruiz
C00910,Jamie,Perez,New Justin,4087314881,Pilot,1915-10-14,109,65+,Jamie Perez
C00911,Donna,Grimes,North Miguel,1450171182,Pilot,1953-12-02,71,65+,Donna Grimes
C00912,Edward,Herrera,Rodriguezshire,704399842,Catholic nun,1998-01-17,26,25-35,Edward Herrera
C00913,Jane,Wright,South Mary,6125334663,Pope,1967-04-22,57,50-65,Jane Wright
C00914,Christopher,Hughes,Port Ryanchester,4323997120,Mechanic,1926-08-29,98,65+,Christopher Hughes
C00915,Tamara,Robinson,Rebeccahaven,7564939361,Forest ranger,1936-11-20,88,65+,Tamara Robinson
C00916,Monique,Sanchez,Ruiztown,8447240432,Fireman,1953-08-11,71,65+,Monique Sanchez
C00917,Christopher,Steele,South Andrew,5335601368,Lifeguard,1968-06-04,56,50-65,Christopher Steele
C00918,Amber,Strong,Salazarmouth,7339956650,Flight attendant,1917-10-29,107,65+,Amber Strong
C00919,Kaylee,Wyatt,West April,8733192604,Housewife,1960-10-19,64,50-65,Kaylee Wyatt
C00920,Mark,Williams,East Amychester,2895618470,Dentist,1926-05-11,98,65+,Mark Williams
C00921,Gary,Beard,New Kirstenfurt,8174057086,Housekeeper,1952-07-04,72,65+,Gary Beard
C00922,Kari,Dawson,New James,6028170106,Magician,1972-07-31,52,50-65,Kari Dawson
C00923,Regina,Woodard,Josephhaven,6695070208,Pope,1956-10-17,68,65+,Regina Woodard
C00924,Shannon,Mcbride,Patrickbury,1849144082,Train conductor,1915-10-31,109,65+,Shannon Mcbride
C00925,Samantha,Smith,Rollinsmouth,2885064035,Student,1944-01-10,80,65+,Samantha Smith
C00926,Chris,Scott,Port Andrew,1442224974,Clown,1946-10-31,78,65+,Chris Scott
C00927,William,Merritt,South Rebeccaburgh,4030268372,Nurse,1937-06-22,87,65+,William Merritt
C00928,Andrew,Wang,South Christophertown,3486188949,Pope,1961-01-30,63,50-65,Andrew Wang
C00929,Patrick,Arroyo,South Laurenburgh,8256999026,Cameraman,1921-05-21,103,65+,Patrick Arroyo
C00930,Greg,Diaz,South Michael,4351918047,Cameraman,1938-12-19,86,65+,Greg Diaz
C00931,Christian,Hall,West Timothyfort,3331739201,Housekeeper,1995-04-30,29,25-35,Christian Hall
C00932,Diane,Simmons,Pooleport,5717248646,Waiter,1913-04-26,111,65+,Diane Simmons
C00933,Ashley,Stanley,Port Lori,9086325137,Librarian,2003-09-24,21,Below 25,Ashley Stanley
C00934,Brandon,Moore,Port Kaylaside,4947596468,Pope,1967-06-30,57,50-65,Brandon Moore
C00935,Robert,Ortiz,Mcclurehaven,3708574650,Gardener,1930-07-01,94,65+,Robert Ortiz
C00936,Shawn,Walker,Paulahaven,5873738269,Doorman,1919-06-20,105,65+,Shawn Walker
C00937,William,Thompson,Mckenzieport,2976739648,Forest ranger,1927-04-24,97,65+,William Thompson
C00938,John,Hardy,Morganstad,8921329411,Nurse,1951-11-01,73,65+,John Hardy
C00939,John,Nichols,East Johnstad,1222153661,Scientist,1925-06-27,99,65+,John Nichols
C00940,James,Bryant,Samanthaton,5495610021,Soldier,1989-08-22,35,25-35,James Bryant
C00941,Randy,Bennett,North Michael,3449659916,Pilot,1966-06-23,58,50-65,Randy Bennett
C00942,Elizabeth,Thomas,Jessechester,2084849316,Diver,1918-01-14,106,65+,Elizabeth Thomas
C00943,Brandon,Spencer,Reyesport,9196893169,Mechanic,1985-07-04,39,35-50,Brandon Spencer
C00944,Jason,Adams,Katherinemouth,9293220973,Repairman,1942-01-07,82,65+,Jason Adams
C00945,David,Welch,Lake Richardstad,5132338093,Builder,1957-07-09,67,65+,David Welch
C00946,Bryan,Schmitt,Donnabury,3231215622,Dentist,1917-11-17,107,65+,Bryan Schmitt
C00947,Teresa,Guerrero,Williamton,3590960746,Student,1974-04-25,50,35-50,Teresa Guerrero
C00948,William,Hess,Michaelfort,3099962915,Catholic nun,1984-08-05,40,35-50,William Hess
C00949,Melissa,Wagner,Jaredborough,7027059896,Geisha,1989-02-09,35,25-35,Melissa Wagner
C00950,Christopher,Gomez,South Andrea,514664842,Flight attendant,1929-03-15,95,65+,Christopher Gomez
C00951,Michael,Fuentes,Lake Robert,9654385214,Gardener,1968-04-10,56,50-65,Michael Fuentes
C00952,Lori,Nguyen,Charlesshire,1961605322,Train conductor,1966-03-11,58,50-65,Lori Nguyen
C00953,Amber,Moore,North Scott,3429974275,Pirate,2004-10-22,20,Below 25,Amber Moore
C00954,Angela,Moody,East John,2943540391,Construction worker,1942-03-04,82,65+,Angela Moody
C00955,Michael,Nguyen,West Johnchester,5009201482,Repairman,1963-04-15,61,50-65,Michael Nguyen
C00956,Jason,Lee,Port Dianetown,1054442834,Photographer,1948-08-06,76,65+,Jason Lee
C00957,Mary,Holder,Lake Philipton,6860121372,Footballer,1974-07-10,50,35-50,Mary Holder
C00958,Rebekah,Lewis,Ellenchester,5051453736,Construction worker,2004-02-17,20,Below 25,Rebekah Lewis
C00959,Anna,Gonzalez,Spencestad,7232118014,Flight attendant,1917-05-14,107,65+,Anna Gonzalez
C00960,Antonio,Bush,North Carla,3002116536,Architect,2004-06-09,20,Below 25,Antonio Bush
C00961,Edward,Williams,Valdezside,6626090506,Paramedic,1993-05-08,31,25-35,Edward Williams
C00962,Travis,Flowers,Brianhaven,8720770717,Priest,1942-12-19,82,65+,Travis Flowers
C00963,Natalie,Warner,South Samantha,6757783744,Architect,1948-09-26,76,65+,Natalie Warner
C00964,Ana,Massey,Port Robert,1349290618,Fireman,1988-10-03,36,35-50,Ana Massey
C00965,Zachary,Kim,Lake Brian,7119564178,Mechanic,1916-08-29,108,65+,Zachary Kim
C00966,Samuel,Sexton,Chelseaside,665801030,Architect,1978-04-25,46,35-50,Samuel Sexton
C00967,Amy,Moore,Lake Vincentborough,4910601690,Construction worker,1915-01-17,109,65+,Amy Moore
C00968,Daniel,Roberts,East James,1689255892,Housewife,1989-01-04,35,25-35,Daniel Roberts
C00969,Amanda,Oconnor,South Brandyberg,663086427,Nurse,1915-12-29,109,65+,Amanda Oconnor
C00970,Steven,Jackson,South Bonnie,9871139616,Engineer,1914-03-18,110,65+,Steven Jackson
C00971,Ryan,Campbell,East Richardside,3255190354,Engineer,1960-12-20,64,50-65,Ryan Campbell
C00972,Andrew,Floyd,Port Gloria,69523411,Repairman,1960-08-08,64,50-65,Andrew Floyd
C00973,Doris,Taylor,South Michael,8014329373,Surgeon,1938-08-22,86,65+,Doris Taylor
C00974,Jennifer,Tran,Port Matthewland,5110312848,Footballer,1939-02-04,85,65+,Jennifer Tran
C00975,John,Chan,North Mariaport,6754439665,Surgeon,2002-11-23,22,Below 25,John Chan
C00976,Nicholas,Wright,South Robertton,2626413896,Foreman,1913-02-04,111,65+,Nicholas Wright
C00977,Michelle,Gonzales,Matthewmouth,6100493351,Priest,1927-12-21,97,65+,Michelle Gonzales
C00978,Karen,Davis,East David,2715378271,Pilot,1995-09-18,29,25-35,Karen Davis
C00979,Jeffrey,Perez,Lake Dawnville,9446704908,Architect,1970-02-04,54,50-65,Jeffrey Perez
C00980,Ryan,Pearson,Smithburgh,8330868137,Doorman,2000-01-23,24,Below 25,Ryan Pearson
C00981,Isabella,Knight,East Regina,3946754385,Cameraman,1954-05-04,70,65+,Isabella Knight
C00982,Jacob,Davis,New Tonya,7616600118,Housekeeper,1935-08-28,89,65+,Jacob Davis
C00983,Melissa,Green,Christineport,8788374689,Paramedic,1969-12-24,55,50-65,Melissa Green
C00984,Mary,Johnson,Lake Jeremiah,9880586897,Carpenter,1979-03-08,45,35-50,Mary Johnson
C00985,Dakota,Johnson,Robinsonport,9686460200,Fireman,1950-12-10,74,65+,Dakota Johnson
C00986,Andrew,Winters,Port Levi,9444104376,Photographer,1989-06-23,35,25-35,Andrew Winters
C00987,Gregory,Heath,New Mariaview,8150489524,Clown,1985-11-22,39,35-50,Gregory Heath
C00988,Brooke,Anderson,Lake Kelly,3458186018,Lifeguard,1985-10-29,39,35-50,Brooke Anderson
C00989,Danielle,Boyd,Justinshire,8227430312,Mechanic,1932-01-05,92,65+,Danielle Boyd
C00990,Laura,Oneal,Port Walter,3737426501,Reporter,1970-06-19,54,50-65,Laura Oneal
C00991,William,Briggs,North Michaelstad,3449723898,Secretary,1964-12-23,60,50-65,William Briggs
C00992,Veronica,Gibson,South Colleen,9359855588,Magician,1998-12-31,26,25-35,Veronica Gibson
C00993,Katherine,Taylor,South Brianview,7156372732,Repairman,1936-02-19,88,65+,Katherine Taylor
C00994,Jerry,Turner,Coreytown,4616066626,Waiter,1938-10-24,86,65+,Jerry Turner
C00995,Kim,Andrews,Jessicaborough,177538667,Doorman,1945-08-09,79,65+,Kim Andrews
C00996,Lindsay,Nelson,Lake Julie,6921307445,Pirate,1992-12-09,32,25-35,Lindsay Nelson
C00997,Maria,Clark,Jillianfurt,9985280691,Geisha,1918-04-09,106,65+,Maria Clark
C00998,Rebecca,Martinez,South James,5809232517,Housekeeper,1972-11-14,52,50-65,Rebecca Martinez
C00999,Laura,Freeman,Swansonshire,1006536756,Detective,1934-04-25,90,65+,Laura Freeman
C01000,Michele,Smith,Warrenmouth,4016423908,Student,1977-09-24,47,35-50,Michele Smith
